unidade;ano;mes;setor_permanencia;media_permanencia_setor
CHPB;2024;6;UIP-MASCULINA/CHPB/CHB;5,363636363636363
CHPB;2024;7;UIP-FEMININA/CHPB/CHB;5,214285714285714
CHPB;2024;7;UIP-MASCULINA/CHPB/CHB;27,26923076923077
CHPB;2024;7;UNIDADE DE CUIDADOS PROLONGADOS/CHPB/CHB;728,0
CHPB;2024;9;CAC/CHPB/CHB;1,0
CHPB;2024;9;LAR INCLUSIVO A/CHPB/CHB;489,0
CHPB;2024;9;UNIDADE DE CUIDADOS PROLONGADOS/CHPB/CHB;356,0
CHPB;2024;10;CAC/CHPB/CHB;10,0
CHPB;2024;10;UIP-FEMININA/CHPB/CHB;329,0
CHPB;2024;11;CAC/CHPB/CHB;26,0
CHPB;2024;11;LAR INCLUSIVO A/CHPB/CHB;480,0
CHPB;2024;11;LAR INCLUSIVO B/CHPB/CHB;195,0
CHPB;2024;11;UIP-MASCULINA/CHPB/CHB;440,0
CHPB;2024;12;CAC/CHPB/CHB;1,5
CHPB;2024;12;LAR INCLUSIVO B/CHPB/CHB;407,0
CHPB;2025;1;CAC/CHPB/CHB;13,0
CHPB;2025;1;LAR INCLUSIVO A/CHPB/CHB;342,0
CHPB;2025;1;LAR INCLUSIVO B/CHPB/CHB;96,25
CHPB;2025;1;UIP-FEMININA/CHPB/CHB;28,375
CHPB;2025;1;UIP-MASCULINA/CHPB/CHB;28,6
CHPB;2025;1;UNIDADE DE CUIDADOS PROLONGADOS/CHPB/CHB;46,4375
CHPB;2025;2;CAC/CHPB/CHB;1,0
CHPB;2025;2;LAR INCLUSIVO B/CHPB/CHB;334,0
CHPB;2025;2;UIP-FEMININA/CHPB/CHB;27,666666666666668
CHPB;2025;2;UIP-MASCULINA/CHPB/CHB;32,125
CHPB;2025;2;UNIDADE DE CUIDADOS PROLONGADOS/CHPB/CHB;39,8235294117647
CHPB;2025;3;CAC/CHPB/CHB;0,0
CHPB;2025;3;LAR INCLUSIVO A/CHPB/CHB;340,0
CHPB;2025;3;LAR INCLUSIVO B/CHPB/CHB;183,0
CHPB;2025;3;UIP-FEMININA/CHPB/CHB;36,54545454545455
CHPB;2025;3;UIP-MASCULINA/CHPB/CHB;27,19047619047619
CHPB;2025;3;UNIDADE DE CUIDADOS PROLONGADOS/CHPB/CHB;41,44444444444444
CHPB;2025;4;CAC/CHPB/CHB;10,5
CHPB;2025;4;LAR INCLUSIVO A/CHPB/CHB;309,0
CHPB;2025;4;LAR INCLUSIVO B/CHPB/CHB;310,0
CHPB;2025;4;UIP-FEMININA/CHPB/CHB;18,923076923076923
CHPB;2025;4;UIP-MASCULINA/CHPB/CHB;29,3125
CHPB;2025;4;UNIDADE DE CUIDADOS PROLONGADOS/CHPB/CHB;26,695652173913043
CHPB;2025;5;CAC/CHPB/CHB;1,0
CHPB;2025;5;LAR INCLUSIVO A/CHPB/CHB;315,0
CHPB;2025;5;LAR INCLUSIVO B/CHPB/CHB;304,0
CHPB;2025;5;UIP-FEMININA/CHPB/CHB;32,44444444444444
CHPB;2025;5;UIP-MASCULINA/CHPB/CHB;29,866666666666667
CHPB;2025;5;UNIDADE DE CUIDADOS PROLONGADOS/CHPB/CHB;27,863636363636363
CHPB;2025;6;LAR INCLUSIVO A/CHPB/CHB;300,0
CHPB;2025;6;UIP-FEMININA/CHPB/CHB;30,363636363636363
CHPB;2025;6;UIP-MASCULINA/CHPB/CHB;25,954545454545453
CHPB;2025;6;UNIDADE DE CUIDADOS PROLONGADOS/CHPB/CHB;32,285714285714285
CHPB;2025;7;CAC/CHPB/CHB;0,0
CHPB;2025;7;UIP-FEMININA/CHPB/CHB;48,0
CHPB;2025;7;UIP-MASCULINA/CHPB/CHB;35,583333333333336
CHPB;2025;7;UNIDADE DE CUIDADOS PROLONGADOS/CHPB/CHB;25,153846153846153
CHPB;2025;8;CAC/CHPB/CHB;8,0
CHPB;2025;8;LAR INCLUSIVO B/CHPB/CHB;122,5
CHPB;2025;8;UIP-FEMININA/CHPB/CHB;23,714285714285715
CHPB;2025;8;UIP-MASCULINA/CHPB/CHB;34,666666666666664
CHPB;2025;8;UNIDADE DE CUIDADOS PROLONGADOS/CHPB/CHB;35,4
CHPB;2025;9;LAR INCLUSIVO A/CHPB/CHB;270,0
CHPB;2025;9;UIP-FEMININA/CHPB/CHB;32,333333333333336
CHPB;2025;9;UIP-MASCULINA/CHPB/CHB;49,2
CHPB;2025;9;UNIDADE DE CUIDADOS PROLONGADOS/CHPB/CHB;41,46666666666667
CHPB;2025;10;CAC/CHPB/CHB;7,0
CHPB;2025;10;UIP-FEMININA/CHPB/CHB;33,125
CHPB;2025;10;UIP-MASCULINA/CHPB/CHB;30,11111111111111
CHPB;2025;10;UNIDADE DE CUIDADOS PROLONGADOS/CHPB/CHB;40,72222222222222
CHPB;2025;11;LAR INCLUSIVO A/CHPB/CHB;263,0
CHPB;2025;11;LAR INCLUSIVO B/CHPB/CHB;223,0
CHPB;2025;11;UIP-FEMININA/CHPB/CHB;86,33333333333333
CHPB;2025;11;UIP-MASCULINA/CHPB/CHB;34,4
CHPB;2025;11;UNIDADE DE CUIDADOS PROLONGADOS/CHPB/CHB;46,6
CHPB;2025;12;CAC/CHPB/CHB;8,0
CHPB;2025;12;LAR INCLUSIVO A/CHPB/CHB;275,0
CHPB;2025;12;UIP-FEMININA/CHPB/CHB;23,727272727272727
CHPB;2025;12;UIP-MASCULINA/CHPB/CHB;53,5
CHPB;2025;12;UNIDADE DE CUIDADOS PROLONGADOS/CHPB/CHB;33,857142857142854
CSSI;2023;9;CLÍNICA MÉDICA ALA C;6,166666666666667
CSSI;2023;9;UNIDADE DE CUIDADOS PROLONGADOS - ALA B;22,0
CSSI;2023;9;UNIDADES DE CUIDADOS PROLONGADOS - UCP;22,75
CSSI;2023;10;CLINICA MEDICA ALA A;7,6875
CSSI;2023;10;CLÍNICA MÉDICA ALA C;6,173076923076923
CSSI;2023;10;UNIDADE DE CUIDADOS PROLONGADOS - ALA B;38,333333333333336
CSSI;2023;10;UNIDADE URGÊNCIA/EMERGÊNCIA;0,0
CSSI;2023;10;UNIDADE URGÊNCIA/EMERGÊNCIA - OBSERVAÇÃO;0,6666666666666666
CSSI;2023;10;UNIDADES DE CUIDADOS PROLONGADOS - UCP;18,375
CSSI;2023;11;CLINICA MEDICA ALA A;11,11111111111111
CSSI;2023;11;CLÍNICA MÉDICA ALA B;5,5
CSSI;2023;11;CLÍNICA MÉDICA ALA C;5,486111111111111
CSSI;2023;11;UNIDADE DE CUIDADOS PROLONGADOS - ALA B;6,615384615384615
CSSI;2023;11;UNIDADE URGÊNCIA/EMERGÊNCIA - OBSERVAÇÃO;1,0
CSSI;2023;11;UNIDADES DE CUIDADOS PROLONGADOS - UCP;41,07692307692308
CSSI;2023;12;CLINICA MEDICA ALA A;10,23076923076923
CSSI;2023;12;CLÍNICA MÉDICA ALA C;4,666666666666667
CSSI;2023;12;UNIDADE DE CUIDADOS PROLONGADOS - ALA B;7,411764705882353
CSSI;2023;12;UNIDADE URGÊNCIA/EMERGÊNCIA;0,0
CSSI;2023;12;UNIDADE URGÊNCIA/EMERGÊNCIA - OBSERVAÇÃO;3,4
CSSI;2023;12;UNIDADES DE CUIDADOS PROLONGADOS - UCP;18,76
CSSI;2024;1;CLINICA MEDICA ALA A;22,285714285714285
CSSI;2024;1;CLÍNICA MÉDICA ALA B;1,0
CSSI;2024;1;CLÍNICA MÉDICA ALA C;5,194444444444445
CSSI;2024;1;UNIDADE DE CUIDADOS PROLONGADOS - ALA B;16,88888888888889
CSSI;2024;1;UNIDADE URGÊNCIA/EMERGÊNCIA;0,0
CSSI;2024;1;UNIDADE URGÊNCIA/EMERGÊNCIA - OBSERVAÇÃO;0,29411764705882354
CSSI;2024;1;UNIDADES DE CUIDADOS PROLONGADOS - UCP;43,916666666666664
CSSI;2024;2;CLINICA MEDICA ALA A;8,8125
CSSI;2024;2;CLÍNICA MÉDICA ALA B;6,0
CSSI;2024;2;CLÍNICA MÉDICA ALA C;4,1375
CSSI;2024;2;UNIDADE DE CUIDADOS PROLONGADOS - ALA B;24,833333333333332
CSSI;2024;2;UNIDADE URGÊNCIA/EMERGÊNCIA;0,0
CSSI;2024;2;UNIDADE URGÊNCIA/EMERGÊNCIA - OBSERVAÇÃO;2,75
CSSI;2024;2;UNIDADES DE CUIDADOS PROLONGADOS - UCP;17,129032258064516
CSSI;2024;3;CLINICA MEDICA ALA A;13,0
CSSI;2024;3;CLÍNICA MÉDICA ALA B;13,5
CSSI;2024;3;CLÍNICA MÉDICA ALA C;5,041666666666667
CSSI;2024;3;UNIDADE DE CUIDADOS PROLONGADOS - ALA B;12,454545454545455
CSSI;2024;3;UNIDADE URGÊNCIA/EMERGÊNCIA - OBSERVAÇÃO;1,04
CSSI;2024;3;UNIDADES DE CUIDADOS PROLONGADOS - UCP;21,466666666666665
CSSI;2024;4;CLINICA MEDICA ALA A;17,375
CSSI;2024;4;CLÍNICA MÉDICA ALA B;8,0
CSSI;2024;4;CLÍNICA MÉDICA ALA C;4,4605263157894735
CSSI;2024;4;UNIDADE DE CUIDADOS PROLONGADOS - ALA B;16,25
CSSI;2024;4;UNIDADE URGÊNCIA/EMERGÊNCIA - OBSERVAÇÃO;4,142857142857143
CSSI;2024;4;UNIDADES DE CUIDADOS PROLONGADOS - UCP;44,61538461538461
CSSI;2024;5;CLINICA MEDICA ALA A;5,357142857142857
CSSI;2024;5;CLÍNICA MÉDICA ALA C;5,384615384615385
CSSI;2024;5;UNIDADE DE CUIDADOS PROLONGADOS - ALA A;12,4
CSSI;2024;5;UNIDADE DE CUIDADOS PROLONGADOS - ALA B;34,5
CSSI;2024;5;UNIDADE URGÊNCIA/EMERGÊNCIA - OBSERVAÇÃO;4,0
CSSI;2024;5;UNIDADES DE CUIDADOS PROLONGADOS - UCP;144,75
CSSI;2024;6;CLINICA MEDICA ALA A;0,0
CSSI;2024;6;CLÍNICA MÉDICA ALA B;7,0
CSSI;2024;6;CLÍNICA MÉDICA ALA C;4,038461538461538
CSSI;2024;6;UNIDADE DE CUIDADOS PROLONGADOS - ALA A;19,0
CSSI;2024;6;UNIDADE DE CUIDADOS PROLONGADOS - ALA B;24,142857142857142
CSSI;2024;6;UNIDADE URGÊNCIA/EMERGÊNCIA - OBSERVAÇÃO;0,4117647058823529
CSSI;2024;6;UNIDADES DE CUIDADOS PROLONGADOS - UCP;60,7
CSSI;2024;7;CLÍNICA MÉDICA ALA B;5,0
CSSI;2024;7;CLÍNICA MÉDICA ALA C;5,553191489361702
CSSI;2024;7;UNIDADE DE CUIDADOS PROLONGADOS - ALA A;13,25
CSSI;2024;7;UNIDADE DE CUIDADOS PROLONGADOS - ALA B;30,5
CSSI;2024;7;UNIDADE URGÊNCIA/EMERGÊNCIA;0,0
CSSI;2024;7;UNIDADE URGÊNCIA/EMERGÊNCIA - OBSERVAÇÃO;1,9166666666666667
CSSI;2024;7;UNIDADES DE CUIDADOS PROLONGADOS - UCP;64,4
CSSI;2024;8;CLÍNICA MÉDICA ALA C;8,75
CSSI;2024;8;UNIDADE DE CUIDADOS PROLONGADOS - ALA A;20,0
CSSI;2024;8;UNIDADE DE CUIDADOS PROLONGADOS - ALA B;45,0
CSSI;2024;8;UNIDADE URGÊNCIA/EMERGÊNCIA;0,0
CSSI;2024;8;UNIDADE URGÊNCIA/EMERGÊNCIA - OBSERVAÇÃO;1,75
CSSI;2024;8;UNIDADES DE CUIDADOS PROLONGADOS - UCP;110,16666666666667
CSSI;2024;9;CLÍNICA MÉDICA ALA C;9,129032258064516
CSSI;2024;9;UNIDADE DE CUIDADOS PROLONGADOS - ALA A;28,8
CSSI;2024;9;UNIDADE DE CUIDADOS PROLONGADOS - ALA B;15,666666666666666
CSSI;2024;9;UNIDADE URGÊNCIA/EMERGÊNCIA;0,0
CSSI;2024;9;UNIDADE URGÊNCIA/EMERGÊNCIA - OBSERVAÇÃO;0,14285714285714285
CSSI;2024;9;UNIDADES DE CUIDADOS PROLONGADOS - UCP;73,625
CSSI;2024;10;CLÍNICA MÉDICA ALA B;6,333333333333333
CSSI;2024;10;CLÍNICA MÉDICA ALA C;11,206896551724139
CSSI;2024;10;UNIDADE DE CUIDADOS PROLONGADOS - ALA A;17,333333333333332
CSSI;2024;10;UNIDADE DE CUIDADOS PROLONGADOS - ALA B;14,090909090909092
CSSI;2024;10;UNIDADE URGÊNCIA/EMERGÊNCIA;0,0
CSSI;2024;10;UNIDADE URGÊNCIA/EMERGÊNCIA - OBSERVAÇÃO;0,0
CSSI;2024;10;UNIDADES DE CUIDADOS PROLONGADOS - UCP;99,0
CSSI;2024;11;CLÍNICA MÉDICA ALA C;18,105263157894736
CSSI;2024;11;UNIDADE DE CUIDADOS PROLONGADOS - ALA A;56,666666666666664
CSSI;2024;11;UNIDADE DE CUIDADOS PROLONGADOS - ALA B;39,0
CSSI;2024;11;UNIDADE URGÊNCIA/EMERGÊNCIA;0,0
CSSI;2024;11;UNIDADE URGÊNCIA/EMERGÊNCIA - OBSERVAÇÃO;0,2222222222222222
CSSI;2024;11;UNIDADES DE CUIDADOS PROLONGADOS - UCP;222,66666666666666
CSSI;2024;12;CLÍNICA MÉDICA ALA B;3,3333333333333335
CSSI;2024;12;CLÍNICA MÉDICA ALA C;16,095238095238095
CSSI;2024;12;UNIDADE DE CUIDADOS PROLONGADOS - ALA A;36,0
CSSI;2024;12;UNIDADE DE CUIDADOS PROLONGADOS - ALA B;28,333333333333332
CSSI;2024;12;UNIDADE URGÊNCIA/EMERGÊNCIA;0,0
CSSI;2024;12;UNIDADE URGÊNCIA/EMERGÊNCIA - OBSERVAÇÃO;0,16666666666666666
CSSI;2024;12;UNIDADES DE CUIDADOS PROLONGADOS - UCP;172,75
CSSI;2025;1;CLÍNICA MÉDICA ALA B;2,75
CSSI;2025;1;CLÍNICA MÉDICA ALA C;5,294117647058823
CSSI;2025;1;UNIDADE DE CUIDADOS PROLONGADOS - ALA A;8,277777777777779
CSSI;2025;1;UNIDADE DE CUIDADOS PROLONGADOS - ALA B;9,588235294117647
CSSI;2025;1;UNIDADE URGÊNCIA/EMERGÊNCIA;0,0
CSSI;2025;1;UNIDADE URGÊNCIA/EMERGÊNCIA - OBSERVAÇÃO;0,9473684210526315
CSSI;2025;1;UNIDADES DE CUIDADOS PROLONGADOS - UCP;39,0
CSSI;2025;2;CLÍNICA MÉDICA ALA B;4,0
CSSI;2025;2;CLÍNICA MÉDICA ALA C;5,352941176470588
CSSI;2025;2;UNIDADE DE CUIDADOS PROLONGADOS - ALA A;7,294117647058823
CSSI;2025;2;UNIDADE DE CUIDADOS PROLONGADOS - ALA B;12,153846153846153
CSSI;2025;2;UNIDADE URGÊNCIA/EMERGÊNCIA;0,0
CSSI;2025;2;UNIDADE URGÊNCIA/EMERGÊNCIA - OBSERVAÇÃO;0,8913043478260869
CSSI;2025;2;UNIDADES DE CUIDADOS PROLONGADOS - UCP;50,916666666666664
CSSI;2025;3;CLÍNICA MÉDICA ALA B;0,0
CSSI;2025;3;CLÍNICA MÉDICA ALA C;4,172839506172839
CSSI;2025;3;UNIDADE DE CUIDADOS PROLONGADOS - ALA A;9,947368421052632
CSSI;2025;3;UNIDADE DE CUIDADOS PROLONGADOS - ALA B;2,625
CSSI;2025;3;UNIDADE URGÊNCIA/EMERGÊNCIA;0,0
CSSI;2025;3;UNIDADE URGÊNCIA/EMERGÊNCIA - OBSERVAÇÃO;1,1515151515151516
CSSI;2025;3;UNIDADES DE CUIDADOS PROLONGADOS - UCP;47,333333333333336
CSSI;2025;4;CLÍNICA MÉDICA ALA B;0,0
CSSI;2025;4;CLÍNICA MÉDICA ALA C;4,628571428571429
CSSI;2025;4;UNIDADE DE CUIDADOS PROLONGADOS - ALA A;4,909090909090909
CSSI;2025;4;UNIDADE DE CUIDADOS PROLONGADOS - ALA B;9,0
CSSI;2025;4;UNIDADE URGÊNCIA/EMERGÊNCIA - OBSERVAÇÃO;3,0
CSSI;2025;4;UNIDADES DE CUIDADOS PROLONGADOS - UCP;41,75
CSSI;2025;5;CLÍNICA MÉDICA ALA C;5,781818181818182
CSSI;2025;5;UNIDADE DE CUIDADOS PROLONGADOS - ALA B;16,692307692307693
CSSI;2025;5;UNIDADE URGÊNCIA/EMERGÊNCIA - OBSERVAÇÃO;16,5
CSSI;2025;5;UNIDADES DE CUIDADOS PROLONGADOS - UCP;36,26315789473684
CSSI;2025;6;CLINICA MEDICA ALA A;0,0
CSSI;2025;6;CLÍNICA MÉDICA ALA C;5,174603174603175
CSSI;2025;6;UNIDADE DE CUIDADOS PROLONGADOS - ALA A;12,181818181818182
CSSI;2025;6;UNIDADE DE CUIDADOS PROLONGADOS - ALA B;13,76923076923077
CSSI;2025;6;UNIDADE URGÊNCIA/EMERGÊNCIA;0,0
CSSI;2025;6;UNIDADE URGÊNCIA/EMERGÊNCIA - OBSERVAÇÃO;6,666666666666667
CSSI;2025;6;UNIDADES DE CUIDADOS PROLONGADOS - UCP;66,0909090909091
CSSI;2025;7;CLINICA MEDICA ALA A;0,0
CSSI;2025;7;CLÍNICA MÉDICA ALA B;3,0
CSSI;2025;7;CLÍNICA MÉDICA ALA C;5,333333333333333
CSSI;2025;7;UNIDADE DE CUIDADOS PROLONGADOS - ALA A;10,0
CSSI;2025;7;UNIDADE DE CUIDADOS PROLONGADOS - ALA B;25,0
CSSI;2025;7;UNIDADE URGÊNCIA/EMERGÊNCIA;0,0
CSSI;2025;7;UNIDADE URGÊNCIA/EMERGÊNCIA - OBSERVAÇÃO;8,083333333333334
CSSI;2025;7;UNIDADES DE CUIDADOS PROLONGADOS - UCP;57,5
CSSI;2025;8;CLINICA MEDICA ALA A;1,8181818181818181
CSSI;2025;8;CLÍNICA MÉDICA ALA B;2,5714285714285716
CSSI;2025;8;CLÍNICA MÉDICA ALA C;5,65
CSSI;2025;8;UNIDADE DE CUIDADOS PROLONGADOS - ALA A;0,25
CSSI;2025;8;UNIDADE DE CUIDADOS PROLONGADOS - ALA B;13,133333333333333
CSSI;2025;8;UNIDADE URGÊNCIA/EMERGÊNCIA - OBSERVAÇÃO;3,8205128205128207
CSSI;2025;8;UNIDADES DE CUIDADOS PROLONGADOS - UCP;43,666666666666664
CSSI;2025;9;CLINICA MEDICA ALA A;2,95
CSSI;2025;9;CLÍNICA MÉDICA ALA B;3,3333333333333335
CSSI;2025;9;CLÍNICA MÉDICA ALA C;6,2894736842105265
CSSI;2025;9;UNIDADE DE CUIDADOS PROLONGADOS - ALA A;11,166666666666666
CSSI;2025;9;UNIDADE DE CUIDADOS PROLONGADOS - ALA B;12,714285714285714
CSSI;2025;9;UNIDADE URGÊNCIA/EMERGÊNCIA;0,0
CSSI;2025;9;UNIDADE URGÊNCIA/EMERGÊNCIA - OBSERVAÇÃO;3,825
CSSI;2025;9;UNIDADES DE CUIDADOS PROLONGADOS - UCP;42,266666666666666
CSSI;2025;10;CLINICA MEDICA ALA A;5,454545454545454
CSSI;2025;10;CLÍNICA MÉDICA ALA B;0,5
CSSI;2025;10;CLÍNICA MÉDICA ALA C;4,532258064516129
CSSI;2025;10;UNIDADE DE CUIDADOS PROLONGADOS - ALA A;19,555555555555557
CSSI;2025;10;UNIDADE DE CUIDADOS PROLONGADOS - ALA B;29,5
CSSI;2025;10;UNIDADE URGÊNCIA/EMERGÊNCIA - OBSERVAÇÃO;12,0
CSSI;2025;10;UNIDADES DE CUIDADOS PROLONGADOS - UCP;60,0
CSSI;2025;11;CLINICA MEDICA ALA A;5,166666666666667
CSSI;2025;11;CLÍNICA MÉDICA ALA B;3,0
CSSI;2025;11;CLÍNICA MÉDICA ALA C;6,096153846153846
CSSI;2025;11;UNIDADE DE CUIDADOS PROLONGADOS - ALA A;17,11111111111111
CSSI;2025;11;UNIDADE DE CUIDADOS PROLONGADOS - ALA B;19,125
CSSI;2025;11;UNIDADE URGÊNCIA/EMERGÊNCIA;0,0
CSSI;2025;11;UNIDADE URGÊNCIA/EMERGÊNCIA - OBSERVAÇÃO;5,55
CSSI;2025;11;UNIDADES DE CUIDADOS PROLONGADOS - UCP;59,3
CSSI;2025;12;CLINICA MEDICA ALA A;6,75
CSSI;2025;12;CLÍNICA MÉDICA ALA B;2,25
CSSI;2025;12;CLÍNICA MÉDICA ALA C;6,381818181818182
CSSI;2025;12;UNIDADE DE CUIDADOS PROLONGADOS - ALA A;149,0
CSSI;2025;12;UNIDADE DE CUIDADOS PROLONGADOS - ALA B;15,5
CSSI;2025;12;UNIDADE URGÊNCIA/EMERGÊNCIA;0,0
CSSI;2025;12;UNIDADE URGÊNCIA/EMERGÊNCIA - OBSERVAÇÃO;2,6875
CSSI;2025;12;UNIDADES DE CUIDADOS PROLONGADOS - UCP;104,33333333333333
HAC;2025;10;CTI ADULTO;4,771428571428571
HAC;2025;10;UDC - OBSERVAÇÃO;0,5
HAC;2025;10;UDC - UNIDADE DE DECISÃO CLÍNICA;0,0
HAC;2025;10;UNIDADE DE INTERNAÇÃO - CLÍNICA CIRÚRGICA;4,434210526315789
HAC;2025;10;UNIDADE DE INTERNAÇÃO - CLÍNICA MÉDICA;6,027777777777778
HAC;2025;11;AMBULATÓRIO DE ESPECIALIDADES ONCOLÓGICAS;0,0
HAC;2025;11;CTI ADULTO;8,485714285714286
HAC;2025;11;UDC - OBSERVAÇÃO;0,8589743589743589
HAC;2025;11;UNIDADE DE INTERNAÇÃO - CLÍNICA CIRÚRGICA;4,533898305084746
HAC;2025;11;UNIDADE DE INTERNAÇÃO - CLÍNICA MÉDICA;7,053921568627451
HAC;2025;12;CTI ADULTO;9,181818181818182
HAC;2025;12;UDC - OBSERVAÇÃO;1,0888888888888888
HAC;2025;12;UDC - UNIDADE DE DECISÃO CLÍNICA;0,0
HAC;2025;12;UNIDADE DE INTERNAÇÃO - CLÍNICA CIRÚRGICA;4,03030303030303
HAC;2025;12;UNIDADE DE INTERNAÇÃO - CLÍNICA MÉDICA;7,638743455497382
HCM;2025;11;UCC - ALA C;1,0
HCM;2025;11;UICP - ALA A;45,666666666666664
HCM;2025;11;UICP - ALA B;56,5
HCM;2025;12;UCC - ALA C;1,5
HCM;2025;12;UICP - ALA A;68,66666666666667
HCM;2025;12;UICP - ALA B;62,25
HCM;2025;12;UICP - ALA C;91,5
HEM;2025;6;ALA A;11,32
HEM;2025;6;ALA C;9,206349206349206
HEM;2025;6;ALA D;5,463414634146342
HEM;2025;6;CTI - ADULTO;6,487179487179487
HEM;2025;7;ALA A;8,383838383838384
HEM;2025;7;ALA C;8,966666666666667
HEM;2025;7;ALA D;8,13953488372093
HEM;2025;7;CTI - ADULTO;6,666666666666667
HEM;2025;8;ALA A;9,819277108433734
HEM;2025;8;ALA C;9,087912087912088
HEM;2025;8;ALA D;7,23404255319149
HEM;2025;8;CTI - ADULTO;8,481481481481481
HEM;2025;9;ALA A;7,555555555555555
HEM;2025;9;ALA C;8,009803921568627
HEM;2025;9;ALA D;5,859649122807017
HEM;2025;9;CTI - ADULTO;6,547169811320755
HEM;2025;10;ALA A;8,68131868131868
HEM;2025;10;ALA C;8,608695652173912
HEM;2025;10;ALA D;5,6440677966101696
HEM;2025;10;CTI - ADULTO;5,955555555555556
HEM;2025;11;ALA A;11,132352941176471
HEM;2025;11;ALA C;9,662650602409638
HEM;2025;11;ALA D;5,296296296296297
HEM;2025;11;CTI - ADULTO;7,96969696969697
HEM;2025;11;HOSPITAL DIA;0,0
HEM;2025;12;ALA A;8,777777777777779
HEM;2025;12;ALA C;8,36046511627907
HEM;2025;12;ALA D;5,5
HEM;2025;12;CTI - ADULTO;6,738095238095238
HRBJA;2024;6;CLINICA CIRURGICA/HRB/CHB;4,303030303030303
HRBJA;2024;6;CLINICA MEDICA/HRB/CHB;4,580645161290323
HRBJA;2024;6;TRAUMATO-ORTOPEDIA CIRURGICA/CHPB/CHB;5,5
HRBJA;2024;6;UTI ADULTO/HRB/CHB;16,0
HRBJA;2024;6;UUE/INTERNAÇÃO/HRB/CHB;3,1914893617021276
HRBJA;2024;7;CLINICA CIRURGICA/HRB/CHB;28,545454545454547
HRBJA;2024;7;CLINICA MEDICA/HRB/CHB;68,83333333333333
HRBJA;2024;7;TRAUMATO-ORTOPEDIA CIRURGICA/CHPB/CHB;21,11111111111111
HRBJA;2024;7;UTI ADULTO/HRB/CHB;12,16
HRBJA;2024;7;UUE/INTERNAÇÃO/HRB/CHB;5,274193548387097
HRBJA;2024;8;CLINICA CIRURGICA/HRB/CHB;27,782608695652176
HRBJA;2024;8;CLINICA MEDICA/HRB/CHB;75,0909090909091
HRBJA;2024;8;TRAUMATO-ORTOPEDIA CIRURGICA/CHPB/CHB;6,0638297872340425
HRBJA;2024;8;UTI ADULTO/HRB/CHB;14,380952380952381
HRBJA;2024;8;UUE/INTERNAÇÃO/HRB/CHB;4,9743589743589745
HRBJA;2024;9;CLINICA CIRURGICA/HRB/CHB;18,90625
HRBJA;2024;9;CLINICA MEDICA/HRB/CHB;54,13333333333333
HRBJA;2024;9;TRAUMATO-ORTOPEDIA CIRURGICA/CHPB/CHB;10,88888888888889
HRBJA;2024;9;UTI ADULTO/HRB/CHB;11,0
HRBJA;2024;9;UUE/INTERNAÇÃO/HRB/CHB;4,174863387978142
HRBJA;2024;10;CLINICA CIRURGICA/HRB/CHB;15,923076923076923
HRBJA;2024;10;CLINICA MEDICA/HRB/CHB;41,5
HRBJA;2024;10;TRAUMATO-ORTOPEDIA CIRURGICA/CHPB/CHB;10,476190476190476
HRBJA;2024;10;UTI ADULTO/HRB/CHB;10,517241379310345
HRBJA;2024;10;UUE/HRB/CHB;0,0
HRBJA;2024;10;UUE/INTERNAÇÃO/HRB/CHB;4,4035087719298245
HRBJA;2024;11;CLINICA CIRURGICA/HRB/CHB;15,5
HRBJA;2024;11;CLINICA MEDICA/HRB/CHB;37,142857142857146
HRBJA;2024;11;TRAUMATO-ORTOPEDIA CIRURGICA/CHPB/CHB;31,833333333333332
HRBJA;2024;11;UTI ADULTO/HRB/CHB;7,0476190476190474
HRBJA;2024;11;UUE/INTERNAÇÃO/HRB/CHB;2,0254237288135593
HRBJA;2024;12;CLINICA CIRURGICA/HRB/CHB;14,571428571428571
HRBJA;2024;12;CLINICA MEDICA/HRB/CHB;51,9375
HRBJA;2024;12;TRAUMATO-ORTOPEDIA CIRURGICA/CHPB/CHB;10,61111111111111
HRBJA;2024;12;UTI ADULTO/HRB/CHB;9,146341463414634
HRBJA;2024;12;UUE/INTERNAÇÃO/HRB/CHB;2,838709677419355
HRBJA;2025;1;CLINICA CIRURGICA/HRB/CHB;3,5592105263157894
HRBJA;2025;1;CLINICA MEDICA/HRB/CHB;6,57258064516129
HRBJA;2025;1;TRAUMATO-ORTOPEDIA CIRURGICA/CHPB/CHB;4,105263157894737
HRBJA;2025;1;UTI ADULTO/HRB/CHB;7,154761904761905
HRBJA;2025;1;UUE/HRB/CHB;0,0
HRBJA;2025;1;UUE/INTERNAÇÃO/HRB/CHB;1,6037735849056605
HRBJA;2025;2;CLINICA CIRURGICA/HRB/CHB;3,625
HRBJA;2025;2;CLINICA MEDICA/HRB/CHB;7,0
HRBJA;2025;2;TRAUMATO-ORTOPEDIA CIRURGICA/CHPB/CHB;10,125
HRBJA;2025;2;UTI ADULTO/HRB/CHB;7,76056338028169
HRBJA;2025;2;UUE/HRB/CHB;0,0
HRBJA;2025;2;UUE/INTERNAÇÃO/HRB/CHB;1,6829268292682926
HRBJA;2025;3;CLINICA CIRURGICA/HRB/CHB;4,8347107438016526
HRBJA;2025;3;CLINICA MEDICA/HRB/CHB;7,094827586206897
HRBJA;2025;3;TRAUMATO-ORTOPEDIA CIRURGICA/CHPB/CHB;6,214285714285714
HRBJA;2025;3;UTI ADULTO/HRB/CHB;6,291666666666667
HRBJA;2025;3;UUE/HRB/CHB;0,0
HRBJA;2025;3;UUE/INTERNAÇÃO/HRB/CHB;1,7717391304347827
HRBJA;2025;4;CLINICA CIRURGICA/HRB/CHB;4,335766423357664
HRBJA;2025;4;CLINICA MEDICA/HRB/CHB;6,82051282051282
HRBJA;2025;4;TRAUMATO-ORTOPEDIA CIRURGICA/CHPB/CHB;10,545454545454545
HRBJA;2025;4;UTI ADULTO/HRB/CHB;7,0476190476190474
HRBJA;2025;4;UUE/HRB/CHB;0,0
HRBJA;2025;4;UUE/INTERNAÇÃO/HRB/CHB;2,0985915492957745
HRBJA;2025;5;CLINICA CIRURGICA/HRB/CHB;4,100671140939597
HRBJA;2025;5;CLINICA MEDICA/HRB/CHB;6,555555555555555
HRBJA;2025;5;TRAUMATO-ORTOPEDIA CIRURGICA/CHPB/CHB;6,888888888888889
HRBJA;2025;5;UTI ADULTO/HRB/CHB;8,205479452054794
HRBJA;2025;5;UUE/HRB/CHB;0,0
HRBJA;2025;5;UUE/INTERNAÇÃO/HRB/CHB;1,6666666666666667
HRBJA;2025;6;CLINICA CIRURGICA/HRB/CHB;4,364285714285714
HRBJA;2025;6;CLINICA MEDICA/HRB/CHB;6,487603305785124
HRBJA;2025;6;TRAUMATO-ORTOPEDIA CIRURGICA/CHPB/CHB;11,294117647058824
HRBJA;2025;6;UTI ADULTO/HRB/CHB;5,959595959595959
HRBJA;2025;6;UUE/HRB/CHB;0,0
HRBJA;2025;6;UUE/INTERNAÇÃO/HRB/CHB;2,4423076923076925
HRBJA;2025;7;CLINICA CIRURGICA/HRB/CHB;4,416666666666667
HRBJA;2025;7;CLINICA MEDICA/HRB/CHB;6,688
HRBJA;2025;7;TRAUMATO-ORTOPEDIA CIRURGICA/CHPB/CHB;9,571428571428571
HRBJA;2025;7;UTI ADULTO/HRB/CHB;8,541666666666666
HRBJA;2025;7;UUE/INTERNAÇÃO/HRB/CHB;1,7209302325581395
HRBJA;2025;8;CLINICA CIRURGICA/HRB/CHB;4,114649681528663
HRBJA;2025;8;CLINICA MEDICA/HRB/CHB;7,811320754716981
HRBJA;2025;8;TRAUMATO-ORTOPEDIA CIRURGICA/CHPB/CHB;5,909090909090909
HRBJA;2025;8;UTI ADULTO/HRB/CHB;6,531914893617022
HRBJA;2025;8;UUE/INTERNAÇÃO/HRB/CHB;2,9285714285714284
HRBJA;2025;9;CLINICA CIRURGICA/HRB/CHB;4,295774647887324
HRBJA;2025;9;CLINICA MEDICA/HRB/CHB;8,322916666666666
HRBJA;2025;9;TRAUMATO-ORTOPEDIA CIRURGICA/CHPB/CHB;6,5
HRBJA;2025;9;UTI ADULTO/HRB/CHB;7,641025641025641
HRBJA;2025;9;UUE/HRB/CHB;0,0
HRBJA;2025;9;UUE/INTERNAÇÃO/HRB/CHB;2,5
HRBJA;2025;10;CLINICA CIRURGICA/HRB/CHB;4,636363636363637
HRBJA;2025;10;CLINICA MEDICA/HRB/CHB;7,961538461538462
HRBJA;2025;10;TRAUMATO-ORTOPEDIA CIRURGICA/CHPB/CHB;6,75
HRBJA;2025;10;UTI ADULTO/HRB/CHB;6,6063829787234045
HRBJA;2025;10;UUE/HRB/CHB;0,0
HRBJA;2025;10;UUE/INTERNAÇÃO/HRB/CHB;2,3529411764705883
HRBJA;2025;11;CLINICA CIRURGICA/HRB/CHB;4,633587786259542
HRBJA;2025;11;CLINICA MEDICA/HRB/CHB;7,261261261261262
HRBJA;2025;11;TRAUMATO-ORTOPEDIA CIRURGICA/CHPB/CHB;6,888888888888889
HRBJA;2025;11;UTI ADULTO/HRB/CHB;7,4875
HRBJA;2025;11;UUE/HRB/CHB;0,0
HRBJA;2025;11;UUE/INTERNAÇÃO/HRB/CHB;1,55
HRBJA;2025;12;CLINICA CIRURGICA/HRB/CHB;4,337931034482758
HRBJA;2025;12;CLINICA MEDICA/HRB/CHB;8,09
HRBJA;2025;12;TRAUMATO-ORTOPEDIA CIRURGICA/CHPB/CHB;6,142857142857143
HRBJA;2025;12;UTI ADULTO/HRB/CHB;8,012987012987013
HRBJA;2025;12;UUE/INTERNAÇÃO/HRB/CHB;2,0256410256410255
HRJP;2024;10;UNIDADE INTERNAÇÃO - CLÍNICA CIRÚRGICA ALA A;0,0
HRJP;2024;11;ALOJAMENTO CONJUNTO /UNIDADE DE INTERNAÇÃO;38,125
HRJP;2024;11;CASA DA GESTANTE BEBÊ E PUÉRPERA;0,0
HRJP;2024;11;HRJP - LOCAL NASCIMENTO - RN;0,0
HRJP;2024;11;UNIDADE DE INTERNAÇÃO - CLÍNICA DIP ALA C;23,4
HRJP;2024;11;UNIDADE INTERNAÇÃO - CLÍNICA CIRÚRGICA ALA A;24,0
HRJP;2024;11;UNIDADE INTERNAÇÃO - CLÍNICA CIRÚRGICA ALA B;15,0
HRJP;2024;11;UNIDADE INTERNAÇÃO - CLÍNICA CIRÚRGICA ALA C;27,25
HRJP;2024;11;UNIDADE INTERNAÇÃO - CLÍNICA MÉDICA ALA A;23,142857142857142
HRJP;2024;11;UNIDADE INTERNAÇÃO - CLÍNICA MÉDICA ALA B;20,454545454545453
HRJP;2024;11;UNIDADE INTERNAÇÃO - CLÍNICA MÉDICA ALA C;21,5
HRJP;2024;11;UNIDADE INTERNAÇÃO - CLÍNICA PEDIÁTRICA;410,0
HRJP;2024;11;UNIDADE INTERNAÇÃO - CLÍNICA PSIQUIÁTRICA ALA A;26,0
HRJP;2024;11;UNIDADE INTERNAÇÃO - CLÍNICA PSIQUIÁTRICA ALA C;31,0
HRJP;2024;11;UNIDADE INTERNAÇÃO - CLÍNICA TISIOLÓGICA ALA B;17,5
HRJP;2024;11;UNIDADE INTERNAÇÃO - CLÍNICA TISIOLÓGICA ALA C;16,333333333333332
HRJP;2024;11;UTI - ADULTO;16,166666666666668
HRJP;2024;11;UTI - NEONATAL I;10,3
HRJP;2024;11;UTI - NEONATAL II;0,0
HRJP;2024;11;UTI - PEDIÁTRICO;9,5
HRJP;2024;12;ALOJAMENTO CONJUNTO /UNIDADE DE INTERNAÇÃO;176,0
HRJP;2024;12;CASA DA GESTANTE BEBÊ E PUÉRPERA;0,0
HRJP;2024;12;HRJP - LOCAL NASCIMENTO - RN;0,0
HRJP;2024;12;UNIDADE DE INTERNAÇÃO - CLÍNICA DIP ALA C;38,666666666666664
HRJP;2024;12;UNIDADE INTERNAÇÃO - CLÍNICA CIRÚRGICA ALA A;34,333333333333336
HRJP;2024;12;UNIDADE INTERNAÇÃO - CLÍNICA CIRÚRGICA ALA C;31,5
HRJP;2024;12;UNIDADE INTERNAÇÃO - CLÍNICA MÉDICA ALA A;69,5
HRJP;2024;12;UNIDADE INTERNAÇÃO - CLÍNICA MÉDICA ALA B;39,166666666666664
HRJP;2024;12;UNIDADE INTERNAÇÃO - CLÍNICA MÉDICA ALA C;29,5
HRJP;2024;12;UNIDADE INTERNAÇÃO - CLÍNICA PSIQUIÁTRICA ALA A;81,0
HRJP;2024;12;UNIDADE INTERNAÇÃO - CLÍNICA PSIQUIÁTRICA ALA C;70,0
HRJP;2024;12;UNIDADE INTERNAÇÃO - CLÍNICA TISIOLÓGICA ALA B;8,0
HRJP;2024;12;UNIDADE INTERNAÇÃO - CLÍNICA TISIOLÓGICA ALA C;20,75
HRJP;2024;12;UTI - ADULTO;17,58823529411765
HRJP;2024;12;UTI - NEONATAL I;11,777777777777779
HRJP;2024;12;UTI - PEDIÁTRICO;7,3
HRJP;2025;1;ALOJAMENTO CONJUNTO /UNIDADE DE INTERNAÇÃO;2,713235294117647
HRJP;2025;1;CASA DA GESTANTE BEBÊ E PUÉRPERA;0,0
HRJP;2025;1;HRJP - LOCAL NASCIMENTO - RN;0,0
HRJP;2025;1;UNIDADE DE INTERNAÇÃO - CLÍNICA DIP ALA C;7,857142857142857
HRJP;2025;1;UNIDADE INTERNAÇÃO - CLÍNICA CIRÚRGICA ALA A;2,761904761904762
HRJP;2025;1;UNIDADE INTERNAÇÃO - CLÍNICA CIRÚRGICA ALA B;14,142857142857142
HRJP;2025;1;UNIDADE INTERNAÇÃO - CLÍNICA CIRÚRGICA ALA C;3,4375
HRJP;2025;1;UNIDADE INTERNAÇÃO - CLÍNICA MÉDICA ALA A;5,509433962264151
HRJP;2025;1;UNIDADE INTERNAÇÃO - CLÍNICA MÉDICA ALA B;4,676470588235294
HRJP;2025;1;UNIDADE INTERNAÇÃO - CLÍNICA MÉDICA ALA C;8,833333333333334
HRJP;2025;1;UNIDADE INTERNAÇÃO - CLÍNICA PEDIÁTRICA;6,2388059701492535
HRJP;2025;1;UNIDADE INTERNAÇÃO - CLÍNICA PSIQUIÁTRICA ALA A;12,333333333333334
HRJP;2025;1;UNIDADE INTERNAÇÃO - CLÍNICA PSIQUIÁTRICA ALA C;19,5
HRJP;2025;1;UNIDADE INTERNAÇÃO - CLÍNICA TISIOLÓGICA ALA B;3,272727272727273
HRJP;2025;1;UNIDADE INTERNAÇÃO - CLÍNICA TISIOLÓGICA ALA C;7,416666666666667
HRJP;2025;1;UTI - ADULTO;16,19047619047619
HRJP;2025;1;UTI - NEONATAL I;14,333333333333334
HRJP;2025;1;UTI - PEDIÁTRICO;5,571428571428571
HRJP;2025;2;ALOJAMENTO CONJUNTO /UNIDADE DE INTERNAÇÃO;2,894308943089431
HRJP;2025;2;HRJP - LOCAL NASCIMENTO - RN;0,0
HRJP;2025;2;UNIDADE DE INTERNAÇÃO - CLÍNICA DIP ALA C;8,461538461538462
HRJP;2025;2;UNIDADE INTERNAÇÃO - CLÍNICA CIRÚRGICA ALA A;5,173913043478261
HRJP;2025;2;UNIDADE INTERNAÇÃO - CLÍNICA CIRÚRGICA ALA B;8,5
HRJP;2025;2;UNIDADE INTERNAÇÃO - CLÍNICA CIRÚRGICA ALA C;7,611111111111111
HRJP;2025;2;UNIDADE INTERNAÇÃO - CLÍNICA MÉDICA ALA A;7,96078431372549
HRJP;2025;2;UNIDADE INTERNAÇÃO - CLÍNICA MÉDICA ALA B;6,333333333333333
HRJP;2025;2;UNIDADE INTERNAÇÃO - CLÍNICA MÉDICA ALA C;6,814814814814815
HRJP;2025;2;UNIDADE INTERNAÇÃO - CLÍNICA PEDIÁTRICA;5,535211267605634
HRJP;2025;2;UNIDADE INTERNAÇÃO - CLÍNICA PSIQUIÁTRICA ALA A;13,076923076923077
HRJP;2025;2;UNIDADE INTERNAÇÃO - CLÍNICA PSIQUIÁTRICA ALA C;67,0
HRJP;2025;2;UNIDADE INTERNAÇÃO - CLÍNICA TISIOLÓGICA ALA B;4,5
HRJP;2025;2;UNIDADE INTERNAÇÃO - CLÍNICA TISIOLÓGICA ALA C;17,4
HRJP;2025;2;UTI - ADULTO;10,185185185185185
HRJP;2025;2;UTI - NEONATAL I;15,1875
HRJP;2025;2;UTI - PEDIÁTRICO;9,0
HRJP;2025;3;ALOJAMENTO CONJUNTO /UNIDADE DE INTERNAÇÃO;2,67816091954023
HRJP;2025;3;CASA DA GESTANTE BEBÊ E PUÉRPERA;7,2
HRJP;2025;3;HRJP - LOCAL NASCIMENTO - RN;0,0
HRJP;2025;3;UNIDADE DE INTERNAÇÃO - CLÍNICA DIP ALA C;8,523809523809524
HRJP;2025;3;UNIDADE INTERNAÇÃO - CLÍNICA CIRÚRGICA ALA A;6,8
HRJP;2025;3;UNIDADE INTERNAÇÃO - CLÍNICA CIRÚRGICA ALA B;11,666666666666666
HRJP;2025;3;UNIDADE INTERNAÇÃO - CLÍNICA CIRÚRGICA ALA C;3,923076923076923
HRJP;2025;3;UNIDADE INTERNAÇÃO - CLÍNICA MÉDICA ALA A;7,046875
HRJP;2025;3;UNIDADE INTERNAÇÃO - CLÍNICA MÉDICA ALA B;6,333333333333333
HRJP;2025;3;UNIDADE INTERNAÇÃO - CLÍNICA MÉDICA ALA C;5,65625
HRJP;2025;3;UNIDADE INTERNAÇÃO - CLÍNICA PEDIÁTRICA;6,115942028985507
HRJP;2025;3;UNIDADE INTERNAÇÃO - CLÍNICA PSIQUIÁTRICA ALA A;20,1
HRJP;2025;3;UNIDADE INTERNAÇÃO - CLÍNICA PSIQUIÁTRICA ALA C;14,0
HRJP;2025;3;UNIDADE INTERNAÇÃO - CLÍNICA TISIOLÓGICA ALA B;6,0
HRJP;2025;3;UNIDADE INTERNAÇÃO - CLÍNICA TISIOLÓGICA ALA C;10,923076923076923
HRJP;2025;3;UTI - ADULTO;6,369565217391305
HRJP;2025;3;UTI - NEONATAL I;18,5625
HRJP;2025;3;UTI - PEDIÁTRICO;12,571428571428571
HRJP;2025;4;ALOJAMENTO CONJUNTO /UNIDADE DE INTERNAÇÃO;2,8838709677419354
HRJP;2025;4;CASA DA GESTANTE BEBÊ E PUÉRPERA;0,0
HRJP;2025;4;HRJP - LOCAL NASCIMENTO - RN;0,0
HRJP;2025;4;UNIDADE DE INTERNAÇÃO - CLÍNICA DIP ALA C;6,333333333333333
HRJP;2025;4;UNIDADE INTERNAÇÃO - CLÍNICA CIRÚRGICA ALA A;6,1
HRJP;2025;4;UNIDADE INTERNAÇÃO - CLÍNICA CIRÚRGICA ALA B;6,133333333333334
HRJP;2025;4;UNIDADE INTERNAÇÃO - CLÍNICA CIRÚRGICA ALA C;3,3636363636363638
HRJP;2025;4;UNIDADE INTERNAÇÃO - CLÍNICA MÉDICA ALA A;6,317460317460317
HRJP;2025;4;UNIDADE INTERNAÇÃO - CLÍNICA MÉDICA ALA B;7,219512195121951
HRJP;2025;4;UNIDADE INTERNAÇÃO - CLÍNICA MÉDICA ALA C;5,25
HRJP;2025;4;UNIDADE INTERNAÇÃO - CLÍNICA PEDIÁTRICA;7,129411764705883
HRJP;2025;4;UNIDADE INTERNAÇÃO - CLÍNICA PSIQUIÁTRICA ALA A;14,692307692307692
HRJP;2025;4;UNIDADE INTERNAÇÃO - CLÍNICA PSIQUIÁTRICA ALA C;11,4
HRJP;2025;4;UNIDADE INTERNAÇÃO - CLÍNICA TISIOLÓGICA ALA B;12,75
HRJP;2025;4;UNIDADE INTERNAÇÃO - CLÍNICA TISIOLÓGICA ALA C;7,285714285714286
HRJP;2025;4;UTI - ADULTO;9,666666666666666
HRJP;2025;4;UTI - NEONATAL I;12,894736842105264
HRJP;2025;4;UTI - NEONATAL II;15,5
HRJP;2025;4;UTI - PEDIÁTRICO;7,3076923076923075
HRJP;2025;5;ALOJAMENTO CONJUNTO /UNIDADE DE INTERNAÇÃO;2,9064327485380117
HRJP;2025;5;CASA DA GESTANTE BEBÊ E PUÉRPERA;5,5
HRJP;2025;5;HRJP - LOCAL NASCIMENTO - RN;0,0
HRJP;2025;5;PRÉ-PARTO;0,0
HRJP;2025;5;UNIDADE DE INTERNAÇÃO - CLÍNICA DIP ALA C;10,05
HRJP;2025;5;UNIDADE INTERNAÇÃO - CLÍNICA CIRÚRGICA ALA A;5,24
HRJP;2025;5;UNIDADE INTERNAÇÃO - CLÍNICA CIRÚRGICA ALA B;4,045454545454546
HRJP;2025;5;UNIDADE INTERNAÇÃO - CLÍNICA CIRÚRGICA ALA C;5,133333333333334
HRJP;2025;5;UNIDADE INTERNAÇÃO - CLÍNICA MÉDICA ALA A;6,577464788732394
HRJP;2025;5;UNIDADE INTERNAÇÃO - CLÍNICA MÉDICA ALA B;6,30188679245283
HRJP;2025;5;UNIDADE INTERNAÇÃO - CLÍNICA MÉDICA ALA C;7,064516129032258
HRJP;2025;5;UNIDADE INTERNAÇÃO - CLÍNICA PEDIÁTRICA;5,965217391304348
HRJP;2025;5;UNIDADE INTERNAÇÃO - CLÍNICA PSIQUIÁTRICA ALA A;9,764705882352942
HRJP;2025;5;UNIDADE INTERNAÇÃO - CLÍNICA PSIQUIÁTRICA ALA C;22,5
HRJP;2025;5;UNIDADE INTERNAÇÃO - CLÍNICA TISIOLÓGICA ALA B;6,111111111111111
HRJP;2025;5;UNIDADE INTERNAÇÃO - CLÍNICA TISIOLÓGICA ALA C;5,416666666666667
HRJP;2025;5;UTI - ADULTO;9,06060606060606
HRJP;2025;5;UTI - NEONATAL I;21,0
HRJP;2025;5;UTI - NEONATAL II;10,166666666666666
HRJP;2025;5;UTI - PEDIÁTRICO;9,407407407407407
HRJP;2025;6;ALOJAMENTO CONJUNTO /UNIDADE DE INTERNAÇÃO;2,725
HRJP;2025;6;CASA DA GESTANTE BEBÊ E PUÉRPERA;12,0
HRJP;2025;6;HRJP - LOCAL NASCIMENTO - RN;0,0
HRJP;2025;6;UNIDADE DE INTERNAÇÃO - CLÍNICA DIP ALA C;7,090909090909091
HRJP;2025;6;UNIDADE INTERNAÇÃO - CLÍNICA CIRÚRGICA ALA A;4,6
HRJP;2025;6;UNIDADE INTERNAÇÃO - CLÍNICA CIRÚRGICA ALA B;3,9047619047619047
HRJP;2025;6;UNIDADE INTERNAÇÃO - CLÍNICA CIRÚRGICA ALA C;3,1818181818181817
HRJP;2025;6;UNIDADE INTERNAÇÃO - CLÍNICA MÉDICA ALA A;5,890625
HRJP;2025;6;UNIDADE INTERNAÇÃO - CLÍNICA MÉDICA ALA B;6,065217391304348
HRJP;2025;6;UNIDADE INTERNAÇÃO - CLÍNICA MÉDICA ALA C;7,9523809523809526
HRJP;2025;6;UNIDADE INTERNAÇÃO - CLÍNICA PEDIÁTRICA;8,329545454545455
HRJP;2025;6;UNIDADE INTERNAÇÃO - CLÍNICA PSIQUIÁTRICA ALA A;21,0
HRJP;2025;6;UNIDADE INTERNAÇÃO - CLÍNICA PSIQUIÁTRICA ALA C;14,166666666666666
HRJP;2025;6;UNIDADE INTERNAÇÃO - CLÍNICA TISIOLÓGICA ALA B;10,4
HRJP;2025;6;UNIDADE INTERNAÇÃO - CLÍNICA TISIOLÓGICA ALA C;7,7
HRJP;2025;6;UTI - ADULTO;7,3
HRJP;2025;6;UTI - NEONATAL I;22,666666666666668
HRJP;2025;6;UTI - NEONATAL II;12,8125
HRJP;2025;6;UTI - PEDIÁTRICO;6,71875
HRJP;2025;7;ALOJAMENTO CONJUNTO /UNIDADE DE INTERNAÇÃO;2,943396226415094
HRJP;2025;7;CASA DA GESTANTE BEBÊ E PUÉRPERA;0,0
HRJP;2025;7;HRJP - LOCAL NASCIMENTO - RN;0,0
HRJP;2025;7;UNIDADE DE INTERNAÇÃO - CLÍNICA DIP ALA C;5,136363636363637
HRJP;2025;7;UNIDADE INTERNAÇÃO - CLÍNICA CIRÚRGICA ALA A;4,611111111111111
HRJP;2025;7;UNIDADE INTERNAÇÃO - CLÍNICA CIRÚRGICA ALA B;23,8
HRJP;2025;7;UNIDADE INTERNAÇÃO - CLÍNICA CIRÚRGICA ALA C;2,742857142857143
HRJP;2025;7;UNIDADE INTERNAÇÃO - CLÍNICA MÉDICA ALA A;4,555555555555555
HRJP;2025;7;UNIDADE INTERNAÇÃO - CLÍNICA MÉDICA ALA B;8,580645161290322
HRJP;2025;7;UNIDADE INTERNAÇÃO - CLÍNICA MÉDICA ALA C;5,928571428571429
HRJP;2025;7;UNIDADE INTERNAÇÃO - CLÍNICA PEDIÁTRICA;6,520408163265306
HRJP;2025;7;UNIDADE INTERNAÇÃO - CLÍNICA PSIQUIÁTRICA ALA A;29,0
HRJP;2025;7;UNIDADE INTERNAÇÃO - CLÍNICA PSIQUIÁTRICA ALA C;20,5
HRJP;2025;7;UNIDADE INTERNAÇÃO - CLÍNICA TISIOLÓGICA ALA B;2,5
HRJP;2025;7;UNIDADE INTERNAÇÃO - CLÍNICA TISIOLÓGICA ALA C;20,4
HRJP;2025;7;UTI - ADULTO;10,066666666666666
HRJP;2025;7;UTI - NEONATAL I;13,705882352941176
HRJP;2025;7;UTI - NEONATAL II;11,666666666666666
HRJP;2025;7;UTI - PEDIÁTRICO;5,090909090909091
HRJP;2025;8;ALOJAMENTO CONJUNTO /UNIDADE DE INTERNAÇÃO;2,676829268292683
HRJP;2025;8;CASA DA GESTANTE BEBÊ E PUÉRPERA;1,0
HRJP;2025;8;HRJP - LOCAL NASCIMENTO - RN;0,0
HRJP;2025;8;UNIDADE DE INTERNAÇÃO - CLÍNICA DIP ALA C;6,45
HRJP;2025;8;UNIDADE INTERNAÇÃO - CLÍNICA CIRÚRGICA ALA A;3,96
HRJP;2025;8;UNIDADE INTERNAÇÃO - CLÍNICA CIRÚRGICA ALA B;6,230769230769231
HRJP;2025;8;UNIDADE INTERNAÇÃO - CLÍNICA CIRÚRGICA ALA C;3,2058823529411766
HRJP;2025;8;UNIDADE INTERNAÇÃO - CLÍNICA MÉDICA ALA A;7,214285714285714
HRJP;2025;8;UNIDADE INTERNAÇÃO - CLÍNICA MÉDICA ALA B;7,5
HRJP;2025;8;UNIDADE INTERNAÇÃO - CLÍNICA MÉDICA ALA C;5,423076923076923
HRJP;2025;8;UNIDADE INTERNAÇÃO - CLÍNICA PEDIÁTRICA;6,56
HRJP;2025;8;UNIDADE INTERNAÇÃO - CLÍNICA PSIQUIÁTRICA ALA A;22,8
HRJP;2025;8;UNIDADE INTERNAÇÃO - CLÍNICA PSIQUIÁTRICA ALA C;45,0
HRJP;2025;8;UNIDADE INTERNAÇÃO - CLÍNICA TISIOLÓGICA ALA B;8,5
HRJP;2025;8;UNIDADE INTERNAÇÃO - CLÍNICA TISIOLÓGICA ALA C;7,2727272727272725
HRJP;2025;8;UTI - ADULTO;10,2
HRJP;2025;8;UTI - NEONATAL I;15,333333333333334
HRJP;2025;8;UTI - NEONATAL II;13,071428571428571
HRJP;2025;8;UTI - PEDIÁTRICO;11,307692307692308
HRJP;2025;9;ALOJAMENTO CONJUNTO /UNIDADE DE INTERNAÇÃO;2,5886524822695036
HRJP;2025;9;BLOCO CIRÚRGICO;0,0
HRJP;2025;9;CASA DA GESTANTE BEBÊ E PUÉRPERA;3,5
HRJP;2025;9;HRJP - LOCAL NASCIMENTO - RN;0,0
HRJP;2025;9;UNIDADE DE INTERNAÇÃO - CLÍNICA DIP ALA C;6,1923076923076925
HRJP;2025;9;UNIDADE INTERNAÇÃO - CLÍNICA CIRÚRGICA ALA A;7,238095238095238
HRJP;2025;9;UNIDADE INTERNAÇÃO - CLÍNICA CIRÚRGICA ALA B;5,352941176470588
HRJP;2025;9;UNIDADE INTERNAÇÃO - CLÍNICA CIRÚRGICA ALA C;4,117647058823529
HRJP;2025;9;UNIDADE INTERNAÇÃO - CLÍNICA MÉDICA ALA A;7,75
HRJP;2025;9;UNIDADE INTERNAÇÃO - CLÍNICA MÉDICA ALA B;4,406779661016949
HRJP;2025;9;UNIDADE INTERNAÇÃO - CLÍNICA MÉDICA ALA C;6,612903225806452
HRJP;2025;9;UNIDADE INTERNAÇÃO - CLÍNICA PEDIÁTRICA;6,8493150684931505
HRJP;2025;9;UNIDADE INTERNAÇÃO - CLÍNICA PSIQUIÁTRICA ALA A;27,285714285714285
HRJP;2025;9;UNIDADE INTERNAÇÃO - CLÍNICA PSIQUIÁTRICA ALA C;27,666666666666668
HRJP;2025;9;UNIDADE INTERNAÇÃO - CLÍNICA TISIOLÓGICA ALA B;9,2
HRJP;2025;9;UNIDADE INTERNAÇÃO - CLÍNICA TISIOLÓGICA ALA C;6,0
HRJP;2025;9;UTI - ADULTO;7,864864864864865
HRJP;2025;9;UTI - NEONATAL I;18,636363636363637
HRJP;2025;9;UTI - NEONATAL II;26,571428571428573
HRJP;2025;9;UTI - PEDIÁTRICO;7,5
HRJP;2025;10;ALOJAMENTO CONJUNTO /UNIDADE DE INTERNAÇÃO;2,6024844720496896
HRJP;2025;10;CASA DA GESTANTE BEBÊ E PUÉRPERA;0,0
HRJP;2025;10;HRJP - LOCAL NASCIMENTO - RN;0,0
HRJP;2025;10;UNIDADE DE INTERNAÇÃO - CLÍNICA DIP ALA C;5,681818181818182
HRJP;2025;10;UNIDADE INTERNAÇÃO - CLÍNICA CIRÚRGICA ALA A;6,954545454545454
HRJP;2025;10;UNIDADE INTERNAÇÃO - CLÍNICA CIRÚRGICA ALA B;5,933333333333334
HRJP;2025;10;UNIDADE INTERNAÇÃO - CLÍNICA CIRÚRGICA ALA C;3,5483870967741935
HRJP;2025;10;UNIDADE INTERNAÇÃO - CLÍNICA MÉDICA ALA A;6,377358490566038
HRJP;2025;10;UNIDADE INTERNAÇÃO - CLÍNICA MÉDICA ALA B;4,807017543859649
HRJP;2025;10;UNIDADE INTERNAÇÃO - CLÍNICA MÉDICA ALA C;5,65625
HRJP;2025;10;UNIDADE INTERNAÇÃO - CLÍNICA PEDIÁTRICA;5,792207792207792
HRJP;2025;10;UNIDADE INTERNAÇÃO - CLÍNICA PSIQUIÁTRICA ALA A;15,727272727272727
HRJP;2025;10;UNIDADE INTERNAÇÃO - CLÍNICA PSIQUIÁTRICA ALA C;7,857142857142857
HRJP;2025;10;UNIDADE INTERNAÇÃO - CLÍNICA TISIOLÓGICA ALA B;4,8
HRJP;2025;10;UNIDADE INTERNAÇÃO - CLÍNICA TISIOLÓGICA ALA C;11,0
HRJP;2025;10;UTI - ADULTO;5,9411764705882355
HRJP;2025;10;UTI - NEONATAL I;11,0
HRJP;2025;10;UTI - NEONATAL II;15,2
HRJP;2025;10;UTI - PEDIÁTRICO;9,9
HRJP;2025;11;ALOJAMENTO CONJUNTO /UNIDADE DE INTERNAÇÃO;2,5527950310559007
HRJP;2025;11;HRJP - LOCAL NASCIMENTO - RN;0,0
HRJP;2025;11;UNIDADE DE DECISÃO CLÍNICA;0,0
HRJP;2025;11;UNIDADE DE INTERNAÇÃO - CLÍNICA DIP ALA C;4,702702702702703
HRJP;2025;11;UNIDADE INTERNAÇÃO - CLÍNICA CIRÚRGICA ALA A;7,75
HRJP;2025;11;UNIDADE INTERNAÇÃO - CLÍNICA CIRÚRGICA ALA B;1,0
HRJP;2025;11;UNIDADE INTERNAÇÃO - CLÍNICA CIRÚRGICA ALA C;10,8
HRJP;2025;11;UNIDADE INTERNAÇÃO - CLÍNICA MÉDICA ALA A;5,430232558139535
HRJP;2025;11;UNIDADE INTERNAÇÃO - CLÍNICA MÉDICA ALA B;1,0
HRJP;2025;11;UNIDADE INTERNAÇÃO - CLÍNICA MÉDICA ALA C;8,296296296296296
HRJP;2025;11;UNIDADE INTERNAÇÃO - CLÍNICA PEDIÁTRICA;5,819277108433735
HRJP;2025;11;UNIDADE INTERNAÇÃO - CLÍNICA PSIQUIÁTRICA ALA A;7,458333333333333
HRJP;2025;11;UNIDADE INTERNAÇÃO - CLÍNICA PSIQUIÁTRICA ALA C;4,1875
HRJP;2025;11;UNIDADE INTERNAÇÃO - CLÍNICA TISIOLÓGICA ALA B;1,6666666666666667
HRJP;2025;11;UNIDADE INTERNAÇÃO - CLÍNICA TISIOLÓGICA ALA C;24,666666666666668
HRJP;2025;11;UTI - ADULTO;7,166666666666667
HRJP;2025;11;UTI - NEONATAL I;11,55
HRJP;2025;11;UTI - NEONATAL II;1,7142857142857142
HRJP;2025;11;UTI - PEDIÁTRICO;10,4
HRJP;2025;12;ALOJAMENTO CONJUNTO /UNIDADE DE INTERNAÇÃO;2,7243589743589745
HRJP;2025;12;CASA DA GESTANTE BEBÊ E PUÉRPERA;0,0
HRJP;2025;12;HRJP - LOCAL NASCIMENTO - RN;0,0
HRJP;2025;12;PRÉ-PARTO;0,0
HRJP;2025;12;UNIDADE DE INTERNAÇÃO - CLÍNICA DIP ALA C;3,2580645161290325
HRJP;2025;12;UNIDADE INTERNAÇÃO - CLÍNICA CIRÚRGICA ALA A;2,8333333333333335
HRJP;2025;12;UNIDADE INTERNAÇÃO - CLÍNICA CIRÚRGICA ALA B;5,428571428571429
HRJP;2025;12;UNIDADE INTERNAÇÃO - CLÍNICA CIRÚRGICA ALA C;4,421052631578948
HRJP;2025;12;UNIDADE INTERNAÇÃO - CLÍNICA MÉDICA ALA A;3,519230769230769
HRJP;2025;12;UNIDADE INTERNAÇÃO - CLÍNICA MÉDICA ALA B;5,530120481927711
HRJP;2025;12;UNIDADE INTERNAÇÃO - CLÍNICA MÉDICA ALA C;3,769230769230769
HRJP;2025;12;UNIDADE INTERNAÇÃO - CLÍNICA PEDIÁTRICA;7,813559322033898
HRJP;2025;12;UNIDADE INTERNAÇÃO - CLÍNICA PSIQUIÁTRICA ALA A;6,125
HRJP;2025;12;UNIDADE INTERNAÇÃO - CLÍNICA PSIQUIÁTRICA ALA C;3,5714285714285716
HRJP;2025;12;UNIDADE INTERNAÇÃO - CLÍNICA TISIOLÓGICA ALA B;6,222222222222222
HRJP;2025;12;UNIDADE INTERNAÇÃO - CLÍNICA TISIOLÓGICA ALA C;9,1
HRJP;2025;12;UTI - ADULTO;7,255813953488372
HRJP;2025;12;UTI - NEONATAL I;17,923076923076923
HRJP;2025;12;UTI - PEDIÁTRICO;6,733333333333333
IRS;2023;6;ALA A;0,0
IRS;2023;7;ALA A;0,0
IRS;2023;7;ALA E;0,0
IRS;2023;8;ALA A;137,8
IRS;2023;8;ALA B;105,16666666666667
IRS;2023;8;ALA C;59,6
IRS;2023;8;ALA E;121,0
IRS;2023;8;UNIDADE URGÊNCIA/EMERGÊNCIA - OBSERVAÇÃO;1,2727272727272727
IRS;2023;8;UTC - UNIDADE DE TRATAMENTO CLÍNICO;39,0
IRS;2023;9;ALA A;121,8
IRS;2023;9;ALA B;76,66666666666667
IRS;2023;9;ALA C;196,33333333333334
IRS;2023;9;ALA E;506,0
IRS;2023;9;UNIDADE URGÊNCIA/EMERGÊNCIA - OBSERVAÇÃO;1,6557377049180328
IRS;2023;9;UTC - UNIDADE DE TRATAMENTO CLÍNICO;24,8
IRS;2023;10;ALA A;194,66666666666666
IRS;2023;10;ALA B;86,5
IRS;2023;10;ALA C;63,333333333333336
IRS;2023;10;ALA E;177,66666666666666
IRS;2023;10;UNIDADE URGÊNCIA/EMERGÊNCIA - OBSERVAÇÃO;1,0263157894736843
IRS;2023;10;UTC - UNIDADE DE TRATAMENTO CLÍNICO;14,25
IRS;2023;11;ALA A;207,33333333333334
IRS;2023;11;ALA B;269,0
IRS;2023;11;ALA C;131,5
IRS;2023;11;ALA E;222,5
IRS;2023;11;UNIDADE URGÊNCIA/EMERGÊNCIA - OBSERVAÇÃO;1,0769230769230769
IRS;2023;11;UTC - UNIDADE DE TRATAMENTO CLÍNICO;45,333333333333336
IRS;2023;12;ALA A;239,0
IRS;2023;12;ALA B;141,33333333333334
IRS;2023;12;ALA C;253,5
IRS;2023;12;ALA E;198,0
IRS;2023;12;UNIDADE URGÊNCIA/EMERGÊNCIA - OBSERVAÇÃO;2,3454545454545452
IRS;2023;12;UTC - UNIDADE DE TRATAMENTO CLÍNICO;43,5
IRS;2024;1;ALA A;62,333333333333336
IRS;2024;1;ALA B;139,66666666666666
IRS;2024;1;ALA C;9,071428571428571
IRS;2024;1;ALA D;25,625
IRS;2024;1;ALA E;98,2
IRS;2024;1;UNIDADE URGÊNCIA/EMERGÊNCIA - OBSERVAÇÃO;2,0972222222222223
IRS;2024;1;UTC - UNIDADE DE TRATAMENTO CLÍNICO;34,6
IRS;2024;2;ALA A;34,142857142857146
IRS;2024;2;ALA B;55,42857142857143
IRS;2024;2;ALA C;57,0
IRS;2024;2;ALA E;15,117647058823529
IRS;2024;2;ALA F;8,909090909090908
IRS;2024;2;UNIDADE URGÊNCIA/EMERGÊNCIA - OBSERVAÇÃO;2,4313725490196076
IRS;2024;2;UTC - UNIDADE DE TRATAMENTO CLÍNICO;40,25
IRS;2024;3;ALA A;82,0
IRS;2024;3;ALA B;117,0
IRS;2024;3;ALA C;113,0
IRS;2024;3;ALA E;120,0
IRS;2024;3;UNIDADE URGÊNCIA/EMERGÊNCIA - OBSERVAÇÃO;2,979591836734694
IRS;2024;3;UTC - UNIDADE DE TRATAMENTO CLÍNICO;72,0
IRS;2024;4;ALA A;116,5
IRS;2024;4;ALA B;84,5
IRS;2024;4;ALA C;427,0
IRS;2024;4;ALA E;94,33333333333333
IRS;2024;4;UNIDADE URGÊNCIA/EMERGÊNCIA - OBSERVAÇÃO;2,0833333333333335
IRS;2024;4;UTC - UNIDADE DE TRATAMENTO CLÍNICO;38,75
IRS;2024;5;ALA A;141,66666666666666
IRS;2024;5;ALA B;56,2
IRS;2024;5;ALA C;241,0
IRS;2024;5;ALA E;461,0
IRS;2024;5;UNIDADE URGÊNCIA/EMERGÊNCIA - OBSERVAÇÃO;2,3333333333333335
IRS;2024;5;UTC - UNIDADE DE TRATAMENTO CLÍNICO;35,5
IRS;2024;6;ALA A;121,25
IRS;2024;6;ALA B;10,64516129032258
IRS;2024;6;ALA C;19,083333333333332
IRS;2024;6;ALA E;155,0
IRS;2024;6;ALA F;5,142857142857143
IRS;2024;6;UNIDADE URGÊNCIA/EMERGÊNCIA - OBSERVAÇÃO;1,9275362318840579
IRS;2024;6;UTC - UNIDADE DE TRATAMENTO CLÍNICO;50,0
IRS;2024;7;ALA A;69,8
IRS;2024;7;ALA B;82,25
IRS;2024;7;ALA C;110,0
IRS;2024;7;UNIDADE URGÊNCIA/EMERGÊNCIA - OBSERVAÇÃO;1,4861111111111112
IRS;2024;7;UTC - UNIDADE DE TRATAMENTO CLÍNICO;53,333333333333336
IRS;2024;8;ALA A;218,5
IRS;2024;8;ALA B;327,0
IRS;2024;8;ALA C;90,0
IRS;2024;8;ALA E;95,75
IRS;2024;8;UNIDADE URGÊNCIA/EMERGÊNCIA;0,0
IRS;2024;8;UNIDADE URGÊNCIA/EMERGÊNCIA - OBSERVAÇÃO;2,129032258064516
IRS;2024;8;UTC - UNIDADE DE TRATAMENTO CLÍNICO;29,333333333333332
IRS;2024;9;ALA A;333,0
IRS;2024;9;ALA B;107,0
IRS;2024;9;ALA C;260,0
IRS;2024;9;ALA E;185,0
IRS;2024;9;UNIDADE URGÊNCIA/EMERGÊNCIA - OBSERVAÇÃO;1,9019607843137254
IRS;2024;9;UTC - UNIDADE DE TRATAMENTO CLÍNICO;67,5
IRS;2024;10;ALA A;105,25
IRS;2024;10;ALA B;105,5
IRS;2024;10;ALA C;219,0
IRS;2024;10;ALA E;6,166666666666667
IRS;2024;10;UNIDADE URGÊNCIA/EMERGÊNCIA - OBSERVAÇÃO;1,917808219178082
IRS;2024;10;UTC - UNIDADE DE TRATAMENTO CLÍNICO;45,25
IRS;2024;11;ALA A;206,0
IRS;2024;11;ALA B;446,0
IRS;2024;11;ALA C;81,0
IRS;2024;11;ALA D;69,8
IRS;2024;11;UNIDADE URGÊNCIA/EMERGÊNCIA - OBSERVAÇÃO;1,5833333333333333
IRS;2024;11;UTC - UNIDADE DE TRATAMENTO CLÍNICO;17,571428571428573
IRS;2024;12;ALA A;83,66666666666667
IRS;2024;12;ALA B;81,66666666666667
IRS;2024;12;ALA C;157,0
IRS;2024;12;ALA D;332,0
IRS;2024;12;UNIDADE URGÊNCIA/EMERGÊNCIA - OBSERVAÇÃO;1,6470588235294117
IRS;2024;12;UTC - UNIDADE DE TRATAMENTO CLÍNICO;25,428571428571427
IRS;2025;1;ALA A;31,636363636363637
IRS;2025;1;ALA B;15,923076923076923
IRS;2025;1;ALA C;15,73076923076923
IRS;2025;1;ALA D;19,4
IRS;2025;1;UNIDADE URGÊNCIA/EMERGÊNCIA - OBSERVAÇÃO;1,3132530120481927
IRS;2025;1;UTC - UNIDADE DE TRATAMENTO CLÍNICO;24,857142857142858
IRS;2025;2;ALA A;22,428571428571427
IRS;2025;2;ALA B;34,25
IRS;2025;2;ALA C;26,055555555555557
IRS;2025;2;ALA D;55,666666666666664
IRS;2025;2;UNIDADE URGÊNCIA/EMERGÊNCIA - OBSERVAÇÃO;1,2769230769230768
IRS;2025;2;UTC - UNIDADE DE TRATAMENTO CLÍNICO;14,636363636363637
IRS;2025;3;ALA A;18,210526315789473
IRS;2025;3;ALA B;23,0
IRS;2025;3;ALA C;25,772727272727273
IRS;2025;3;ALA D;25,176470588235293
IRS;2025;3;UNIDADE URGÊNCIA/EMERGÊNCIA;0,0
IRS;2025;3;UNIDADE URGÊNCIA/EMERGÊNCIA - OBSERVAÇÃO;1,3733333333333333
IRS;2025;3;UTC - UNIDADE DE TRATAMENTO CLÍNICO;29,0
IRS;2025;4;ALA A;38,0
IRS;2025;4;ALA B;22,941176470588236
IRS;2025;4;ALA C;24,565217391304348
IRS;2025;4;ALA D;21,473684210526315
IRS;2025;4;UNIDADE URGÊNCIA/EMERGÊNCIA - OBSERVAÇÃO;1,608695652173913
IRS;2025;4;UTC - UNIDADE DE TRATAMENTO CLÍNICO;9,428571428571429
IRS;2025;5;ALA A;20,5
IRS;2025;5;ALA B;24,058823529411764
IRS;2025;5;ALA C;24,217391304347824
IRS;2025;5;ALA D;23,0
IRS;2025;5;UNIDADE URGÊNCIA/EMERGÊNCIA - OBSERVAÇÃO;1,6933333333333334
IRS;2025;5;UTC - UNIDADE DE TRATAMENTO CLÍNICO;12,076923076923077
IRS;2025;6;ALA A;34,0
IRS;2025;6;ALA B;25,75
IRS;2025;6;ALA C;26,904761904761905
IRS;2025;6;ALA D;25,941176470588236
IRS;2025;6;UNIDADE URGÊNCIA/EMERGÊNCIA - OBSERVAÇÃO;1,4096385542168675
IRS;2025;6;UTC - UNIDADE DE TRATAMENTO CLÍNICO;22,142857142857142
IRS;2025;7;ALA A;15,333333333333334
IRS;2025;7;ALA B;20,61111111111111
IRS;2025;7;ALA C;27,8125
IRS;2025;7;ALA D;19,4
IRS;2025;7;UNIDADE URGÊNCIA/EMERGÊNCIA;0,0
IRS;2025;7;UNIDADE URGÊNCIA/EMERGÊNCIA - OBSERVAÇÃO;1,5526315789473684
IRS;2025;7;UTC - UNIDADE DE TRATAMENTO CLÍNICO;17,22222222222222
IRS;2025;8;ALA A;33,61538461538461
IRS;2025;8;ALA B;26,6875
IRS;2025;8;ALA C;17,576923076923077
IRS;2025;8;ALA D;23,857142857142858
IRS;2025;8;UNIDADE URGÊNCIA/EMERGÊNCIA;0,0
IRS;2025;8;UNIDADE URGÊNCIA/EMERGÊNCIA - OBSERVAÇÃO;1,4109589041095891
IRS;2025;8;UTC - UNIDADE DE TRATAMENTO CLÍNICO;13,555555555555555
IRS;2025;9;ALA A;22,944444444444443
IRS;2025;9;ALA B;23,166666666666668
IRS;2025;9;ALA C;41,46153846153846
IRS;2025;9;ALA D;36,4
IRS;2025;9;UNIDADE URGÊNCIA/EMERGÊNCIA;0,0
IRS;2025;9;UNIDADE URGÊNCIA/EMERGÊNCIA - OBSERVAÇÃO;1,3513513513513513
IRS;2025;9;UTC - UNIDADE DE TRATAMENTO CLÍNICO;11,272727272727273
IRS;2025;10;ALA A;23,764705882352942
IRS;2025;10;ALA B;21,45
IRS;2025;10;ALA C;23,444444444444443
IRS;2025;10;ALA D;27,294117647058822
IRS;2025;10;UNIDADE URGÊNCIA/EMERGÊNCIA;0,0
IRS;2025;10;UNIDADE URGÊNCIA/EMERGÊNCIA - OBSERVAÇÃO;1,2526315789473683
IRS;2025;10;UTC - UNIDADE DE TRATAMENTO CLÍNICO;20,5
IRS;2025;11;ALA A;20,444444444444443
IRS;2025;11;ALA B;19,526315789473685
IRS;2025;11;ALA C;28,0
IRS;2025;11;ALA D;22,65
IRS;2025;11;UNIDADE URGÊNCIA/EMERGÊNCIA - OBSERVAÇÃO;1,6
IRS;2025;11;UTC - UNIDADE DE TRATAMENTO CLÍNICO;24,0
IRS;2025;12;ALA A;17,0
IRS;2025;12;ALA B;25,916666666666668
IRS;2025;12;ALA C;14,91304347826087
IRS;2025;12;ALA D;21,0
IRS;2025;12;UNIDADE URGÊNCIA/EMERGÊNCIA - OBSERVAÇÃO;1,7971014492753623
IRS;2025;12;UTC - UNIDADE DE TRATAMENTO CLÍNICO;23,714285714285715
MOV;2023;4;ALOJAMENTO CONJUNTO;16,884615384615383
MOV;2023;4;BLOCO CIRÚRGICO;0,0
MOV;2023;4;BLOCO OBSTÉTRICO;0,0
MOV;2023;4;CASA DA GESTANTE BEBÊ E PUÉRPERA;0,0
MOV;2023;4;CLINICA CIRÚRGICA;5,758620689655173
MOV;2023;4;MOV - LOCAL NASCIMENTO - RN;0,0
MOV;2023;4;PRÉ-PARTO;0,09523809523809523
MOV;2023;4;SALA DE ESPERA - BLOCO OBSTÉTRICO;0,0
MOV;2023;4;UNIDADE DE CUIDADO INTERMEDIÁRIO NEONATAL CANGURU;13,857142857142858
MOV;2023;4;UNIDADE DE CUIDADO INTERMEDIÁRIO NEONATAL CONVENCIONAL;7,656716417910448
MOV;2023;4;UNIDADE INTERNACAO ALTO-RISCO OBSTETRICO;5,7368421052631575
MOV;2023;4;UNIDADE URGÊNCIA/EMERGÊNCIA - INTERNAÇÃO;0,5362318840579711
MOV;2023;4;UTI - ADULTO;5,869565217391305
MOV;2023;4;UTI - NEONATAL;0,7524752475247525
MOV;2023;5;ALOJAMENTO CONJUNTO;14,0
MOV;2023;5;BLOCO OBSTÉTRICO;0,0
MOV;2023;5;CASA DA GESTANTE BEBÊ E PUÉRPERA;0,0
MOV;2023;5;CLINICA CIRÚRGICA;7,0
MOV;2023;5;PRÉ-PARTO;0,04609929078014184
MOV;2023;5;SALA DE ESPERA - BLOCO CIRÚRGICO;0,0
MOV;2023;5;SALA DE ESPERA - BLOCO OBSTÉTRICO;0,0
MOV;2023;5;UNIDADE DE CUIDADO INTERMEDIÁRIO NEONATAL CANGURU;273,0
MOV;2023;5;UNIDADE DE CUIDADO INTERMEDIÁRIO NEONATAL CONVENCIONAL;6,423076923076923
MOV;2023;5;UNIDADE INTERNACAO ALTO-RISCO OBSTETRICO;6,986486486486487
MOV;2023;5;UNIDADE URGÊNCIA/EMERGÊNCIA;0,0
MOV;2023;5;UNIDADE URGÊNCIA/EMERGÊNCIA - INTERNAÇÃO;0,43577981651376146
MOV;2023;5;UTI - ADULTO;2,2
MOV;2023;5;UTI - NEONATAL;0,23958333333333334
MOV;2023;6;ALOJAMENTO CONJUNTO;17,869565217391305
MOV;2023;6;BLOCO CIRÚRGICO;0,0
MOV;2023;6;BLOCO OBSTÉTRICO;0,0
MOV;2023;6;CASA DA GESTANTE BEBÊ E PUÉRPERA;0,0
MOV;2023;6;CLINICA CIRÚRGICA;10,5
MOV;2023;6;PRÉ-PARTO;0,02857142857142857
MOV;2023;6;SALA DE ESPERA - BLOCO CIRÚRGICO;0,0
MOV;2023;6;SALA DE ESPERA - BLOCO OBSTÉTRICO;0,0
MOV;2023;6;SRPA - BO;0,0
MOV;2023;6;UNIDADE DE CUIDADO INTERMEDIÁRIO NEONATAL CANGURU;58,2
MOV;2023;6;UNIDADE DE CUIDADO INTERMEDIÁRIO NEONATAL CONVENCIONAL;6,605263157894737
MOV;2023;6;UNIDADE INTERNACAO ALTO-RISCO OBSTETRICO;13,95
MOV;2023;6;UNIDADE URGÊNCIA/EMERGÊNCIA - INTERNAÇÃO;0,9157894736842105
MOV;2023;6;UTI - ADULTO;3,2758620689655173
MOV;2023;6;UTI - NEONATAL;0,37209302325581395
MOV;2023;7;ALOJAMENTO CONJUNTO;22,571428571428573
MOV;2023;7;BLOCO CIRÚRGICO;0,0
MOV;2023;7;BLOCO OBSTÉTRICO;0,0
MOV;2023;7;CLINICA CIRÚRGICA;8,304347826086957
MOV;2023;7;PRÉ-PARTO;0,04316546762589928
MOV;2023;7;SALA DE ESPERA - BLOCO CIRÚRGICO;0,0
MOV;2023;7;SALA DE ESPERA - BLOCO OBSTÉTRICO;0,0
MOV;2023;7;UNIDADE DE CUIDADO INTERMEDIÁRIO NEONATAL CANGURU;30,25
MOV;2023;7;UNIDADE DE CUIDADO INTERMEDIÁRIO NEONATAL CONVENCIONAL;6,586666666666667
MOV;2023;7;UNIDADE INTERNACAO ALTO-RISCO OBSTETRICO;12,3
MOV;2023;7;UNIDADE URGÊNCIA/EMERGÊNCIA - INTERNAÇÃO;0,6682926829268293
MOV;2023;7;UTI - ADULTO;3,7419354838709675
MOV;2023;7;UTI - NEONATAL;1,0459770114942528
MOV;2023;8;ALOJAMENTO CONJUNTO;14,714285714285714
MOV;2023;8;CLINICA CIRÚRGICA;8,963636363636363
MOV;2023;8;PRÉ-PARTO;0,032679738562091505
MOV;2023;8;SALA DE ESPERA - BLOCO CIRÚRGICO;0,0
MOV;2023;8;SALA DE ESPERA - BLOCO OBSTÉTRICO;0,0
MOV;2023;8;SRPA - BC;0,0
MOV;2023;8;UNIDADE DE CUIDADO INTERMEDIÁRIO NEONATAL CANGURU;51,666666666666664
MOV;2023;8;UNIDADE DE CUIDADO INTERMEDIÁRIO NEONATAL CONVENCIONAL;8,476923076923077
MOV;2023;8;UNIDADE INTERNACAO ALTO-RISCO OBSTETRICO;12,227272727272727
MOV;2023;8;UNIDADE URGÊNCIA/EMERGÊNCIA;0,0
MOV;2023;8;UNIDADE URGÊNCIA/EMERGÊNCIA - INTERNAÇÃO;0,628099173553719
MOV;2023;8;UTI - ADULTO;4,40625
MOV;2023;8;UTI - NEONATAL;1,0465116279069768
MOV;2023;9;ALOJAMENTO CONJUNTO;15,117647058823529
MOV;2023;9;CLINICA CIRÚRGICA;10,23404255319149
MOV;2023;9;PRÉ-PARTO;0,06324110671936758
MOV;2023;9;SALA DE ESPERA - BLOCO CIRÚRGICO;0,0
MOV;2023;9;SALA DE ESPERA - BLOCO OBSTÉTRICO;0,0
MOV;2023;9;UNIDADE DE CUIDADO INTERMEDIÁRIO NEONATAL CANGURU;224,0
MOV;2023;9;UNIDADE DE CUIDADO INTERMEDIÁRIO NEONATAL CONVENCIONAL;6,661764705882353
MOV;2023;9;UNIDADE INTERNACAO ALTO-RISCO OBSTETRICO;11,69047619047619
MOV;2023;9;UNIDADE URGÊNCIA/EMERGÊNCIA;0,0
MOV;2023;9;UNIDADE URGÊNCIA/EMERGÊNCIA - INTERNAÇÃO;0,6391304347826087
MOV;2023;9;UTI - ADULTO;4,8
MOV;2023;9;UTI - NEONATAL;1,0909090909090908
MOV;2023;10;ALOJAMENTO CONJUNTO;14,25
MOV;2023;10;CLINICA CIRÚRGICA;9,347826086956522
MOV;2023;10;PRÉ-PARTO;0,07718120805369127
MOV;2023;10;SALA DE ESPERA - BLOCO CIRÚRGICO;0,0
MOV;2023;10;SALA DE ESPERA - BLOCO OBSTÉTRICO;0,0
MOV;2023;10;SRPA - BO;0,0
MOV;2023;10;UNIDADE DE CUIDADO INTERMEDIÁRIO NEONATAL CANGURU;90,25
MOV;2023;10;UNIDADE DE CUIDADO INTERMEDIÁRIO NEONATAL CONVENCIONAL;5,7846153846153845
MOV;2023;10;UNIDADE INTERNACAO ALTO-RISCO OBSTETRICO;9,90566037735849
MOV;2023;10;UNIDADE URGÊNCIA/EMERGÊNCIA;0,0
MOV;2023;10;UNIDADE URGÊNCIA/EMERGÊNCIA - INTERNAÇÃO;0,35714285714285715
MOV;2023;10;UTI - ADULTO;6,233333333333333
MOV;2023;10;UTI - NEONATAL;0,6483516483516484
MOV;2023;11;ALOJAMENTO CONJUNTO;12,511627906976743
MOV;2023;11;CASA DA GESTANTE BEBÊ E PUÉRPERA;0,0
MOV;2023;11;CLINICA CIRÚRGICA;8,4
MOV;2023;11;PRÉ-PARTO;0,1392857142857143
MOV;2023;11;SALA DE ESPERA - BLOCO CIRÚRGICO;0,0
MOV;2023;11;SALA DE ESPERA - BLOCO OBSTÉTRICO;0,0
MOV;2023;11;UNIDADE DE CUIDADO INTERMEDIÁRIO NEONATAL CANGURU;62,5
MOV;2023;11;UNIDADE DE CUIDADO INTERMEDIÁRIO NEONATAL CONVENCIONAL;4,376470588235295
MOV;2023;11;UNIDADE INTERNACAO ALTO-RISCO OBSTETRICO;11,666666666666666
MOV;2023;11;UNIDADE URGÊNCIA/EMERGÊNCIA - INTERNAÇÃO;0,31555555555555553
MOV;2023;11;UTI - ADULTO;5,774193548387097
MOV;2023;11;UTI - NEONATAL;1,8933333333333333
MOV;2023;12;ALOJAMENTO CONJUNTO;10,348837209302326
MOV;2023;12;CASA DA GESTANTE BEBÊ E PUÉRPERA;0,0
MOV;2023;12;CLINICA CIRÚRGICA;9,508771929824562
MOV;2023;12;PRÉ-PARTO;0,3954983922829582
MOV;2023;12;SALA DE ESPERA - BLOCO CIRÚRGICO;0,0
MOV;2023;12;SALA DE ESPERA - BLOCO OBSTÉTRICO;0,0
MOV;2023;12;UNIDADE DE CUIDADO INTERMEDIÁRIO NEONATAL CANGURU;7,416666666666667
MOV;2023;12;UNIDADE DE CUIDADO INTERMEDIÁRIO NEONATAL CONVENCIONAL;3,6744186046511627
MOV;2023;12;UNIDADE INTERNACAO ALTO-RISCO OBSTETRICO;7,819444444444445
MOV;2023;12;UNIDADE URGÊNCIA/EMERGÊNCIA;0,0
MOV;2023;12;UNIDADE URGÊNCIA/EMERGÊNCIA - INTERNAÇÃO;0,5023696682464455
MOV;2023;12;UTI - ADULTO;8,68421052631579
MOV;2023;12;UTI - NEONATAL;3,4571428571428573
MOV;2024;1;ALOJAMENTO CONJUNTO;10,66
MOV;2024;1;CLINICA CIRÚRGICA;8,767857142857142
MOV;2024;1;MOV - LOCAL NASCIMENTO - RN;0,0
MOV;2024;1;PRÉ-PARTO;0,36363636363636365
MOV;2024;1;SALA DE ESPERA - BLOCO CIRÚRGICO;0,0
MOV;2024;1;SALA DE ESPERA - BLOCO OBSTÉTRICO;0,0
MOV;2024;1;UNIDADE DE CUIDADO INTERMEDIÁRIO NEONATAL CANGURU;10,666666666666666
MOV;2024;1;UNIDADE DE CUIDADO INTERMEDIÁRIO NEONATAL CONVENCIONAL;3,65
MOV;2024;1;UNIDADE INTERNACAO ALTO-RISCO OBSTETRICO;8,72549019607843
MOV;2024;1;UNIDADE URGÊNCIA/EMERGÊNCIA;0,0
MOV;2024;1;UNIDADE URGÊNCIA/EMERGÊNCIA - INTERNAÇÃO;0,583756345177665
MOV;2024;1;UTI - ADULTO;11,25
MOV;2024;1;UTI - NEONATAL;3,752688172043011
MOV;2024;2;ALOJAMENTO CONJUNTO;4,0852713178294575
MOV;2024;2;CLINICA CIRÚRGICA;5,708860759493671
MOV;2024;2;PRÉ-PARTO;0,36482084690553745
MOV;2024;2;SALA DE ESPERA - BLOCO CIRÚRGICO;0,0
MOV;2024;2;SALA DE ESPERA - BLOCO OBSTÉTRICO;0,0
MOV;2024;2;UNIDADE DE CUIDADO INTERMEDIÁRIO NEONATAL CANGURU;77,0
MOV;2024;2;UNIDADE DE CUIDADO INTERMEDIÁRIO NEONATAL CONVENCIONAL;3,6095238095238096
MOV;2024;2;UNIDADE INTERNACAO ALTO-RISCO OBSTETRICO;7,492307692307692
MOV;2024;2;UNIDADE URGÊNCIA/EMERGÊNCIA - INTERNAÇÃO;0,4611872146118721
MOV;2024;2;UTI - ADULTO;7,379310344827586
MOV;2024;2;UTI - NEONATAL;3,1092436974789917
MOV;2024;3;ALOJAMENTO CONJUNTO;5,016949152542373
MOV;2024;3;CLINICA CIRÚRGICA;6,353658536585366
MOV;2024;3;PRÉ-PARTO;0,3507246376811594
MOV;2024;3;SALA DE ESPERA - BLOCO CIRÚRGICO;0,0
MOV;2024;3;SALA DE ESPERA - BLOCO OBSTÉTRICO;0,0
MOV;2024;3;UNIDADE DE CUIDADO INTERMEDIÁRIO NEONATAL CANGURU;32,0
MOV;2024;3;UNIDADE DE CUIDADO INTERMEDIÁRIO NEONATAL CONVENCIONAL;4,257731958762887
MOV;2024;3;UNIDADE INTERNACAO ALTO-RISCO OBSTETRICO;5,663461538461538
MOV;2024;3;UNIDADE URGÊNCIA/EMERGÊNCIA - INTERNAÇÃO;0,4224137931034483
MOV;2024;3;UTI - ADULTO;7,0606060606060606
MOV;2024;3;UTI - NEONATAL;3,542056074766355
MOV;2024;4;ALOJAMENTO CONJUNTO;4,464285714285714
MOV;2024;4;CLINICA CIRÚRGICA;4,881944444444445
MOV;2024;4;PRÉ-PARTO;0,36890243902439024
MOV;2024;4;SALA DE ESPERA - BLOCO CIRÚRGICO;0,0
MOV;2024;4;SALA DE ESPERA - BLOCO OBSTÉTRICO;0,0
MOV;2024;4;UNIDADE DE CUIDADO INTERMEDIÁRIO NEONATAL CONVENCIONAL;7,186440677966102
MOV;2024;4;UNIDADE INTERNACAO ALTO-RISCO OBSTETRICO;4,064516129032258
MOV;2024;4;UNIDADE URGÊNCIA/EMERGÊNCIA - INTERNAÇÃO;0,31601731601731603
MOV;2024;4;UTI - ADULTO;7,785714285714286
MOV;2024;4;UTI - NEONATAL;3,2023809523809526
MOV;2024;5;ALOJAMENTO CONJUNTO;4,347222222222222
MOV;2024;5;BLOCO OBSTÉTRICO;0,0
MOV;2024;5;CLINICA CIRÚRGICA;5,25
MOV;2024;5;PRÉ-PARTO;0,3835227272727273
MOV;2024;5;SALA DE ESPERA - BLOCO CIRÚRGICO;0,0
MOV;2024;5;SALA DE ESPERA - BLOCO OBSTÉTRICO;0,0
MOV;2024;5;SRPA - BO;0,0
MOV;2024;5;UNIDADE DE CUIDADO INTERMEDIÁRIO NEONATAL CANGURU;26,666666666666668
MOV;2024;5;UNIDADE DE CUIDADO INTERMEDIÁRIO NEONATAL CONVENCIONAL;3,9722222222222223
MOV;2024;5;UNIDADE INTERNACAO ALTO-RISCO OBSTETRICO;6,2465753424657535
MOV;2024;5;UNIDADE URGÊNCIA/EMERGÊNCIA - INTERNAÇÃO;0,3472803347280335
MOV;2024;5;UTI - ADULTO;4,979591836734694
MOV;2024;5;UTI - NEONATAL;2,9195402298850577
MOV;2024;6;ALOJAMENTO CONJUNTO;5,490384615384615
MOV;2024;6;CLINICA CIRÚRGICA;5,123076923076923
MOV;2024;6;PRÉ-PARTO;0,43416370106761565
MOV;2024;6;SALA DE ESPERA - BLOCO CIRÚRGICO;0,0
MOV;2024;6;SALA DE ESPERA - BLOCO OBSTÉTRICO;0,0
MOV;2024;6;UNIDADE DE CUIDADO INTERMEDIÁRIO NEONATAL CANGURU;26,333333333333332
MOV;2024;6;UNIDADE DE CUIDADO INTERMEDIÁRIO NEONATAL CONVENCIONAL;3,3703703703703702
MOV;2024;6;UNIDADE INTERNACAO ALTO-RISCO OBSTETRICO;6,171428571428572
MOV;2024;6;UNIDADE URGÊNCIA/EMERGÊNCIA - INTERNAÇÃO;0,7302325581395349
MOV;2024;6;UTI - ADULTO;7,333333333333333
MOV;2024;6;UTI - NEONATAL;4,304878048780488
MOV;2024;7;ALOJAMENTO CONJUNTO;22,04
MOV;2024;7;CASA DA GESTANTE BEBÊ E PUÉRPERA;0,0
MOV;2024;7;CLINICA CIRÚRGICA;13,48
MOV;2024;7;PRÉ-PARTO;0,5330578512396694
MOV;2024;7;SALA DE ESPERA - BLOCO CIRÚRGICO;0,0
MOV;2024;7;SALA DE ESPERA - BLOCO OBSTÉTRICO;0,0
MOV;2024;7;UNIDADE DE CUIDADO INTERMEDIÁRIO NEONATAL CANGURU;44,0
MOV;2024;7;UNIDADE DE CUIDADO INTERMEDIÁRIO NEONATAL CONVENCIONAL;8,048780487804878
MOV;2024;7;UNIDADE INTERNACAO ALTO-RISCO OBSTETRICO;15,32
MOV;2024;7;UNIDADE URGÊNCIA/EMERGÊNCIA;0,0
MOV;2024;7;UNIDADE URGÊNCIA/EMERGÊNCIA - INTERNAÇÃO;0,6098654708520179
MOV;2024;7;UTI - ADULTO;12,866666666666667
MOV;2024;7;UTI - NEONATAL;6,433333333333334
MOV;2024;8;ALOJAMENTO CONJUNTO;53,36363636363637
MOV;2024;8;CLINICA CIRÚRGICA;35,0
MOV;2024;8;MOV - LOCAL NASCIMENTO - RN;0,0
MOV;2024;8;PRÉ-PARTO;0,6490384615384616
MOV;2024;8;SALA DE ESPERA - BLOCO CIRÚRGICO;0,0
MOV;2024;8;SALA DE ESPERA - BLOCO OBSTÉTRICO;0,0
MOV;2024;8;UNIDADE DE CUIDADO INTERMEDIÁRIO NEONATAL CANGURU;117,0
MOV;2024;8;UNIDADE DE CUIDADO INTERMEDIÁRIO NEONATAL CONVENCIONAL;7,2439024390243905
MOV;2024;8;UNIDADE INTERNACAO ALTO-RISCO OBSTETRICO;15,777777777777779
MOV;2024;8;UNIDADE URGÊNCIA/EMERGÊNCIA;0,0
MOV;2024;8;UNIDADE URGÊNCIA/EMERGÊNCIA - INTERNAÇÃO;0,4605809128630705
MOV;2024;8;UTI - ADULTO;20,545454545454547
MOV;2024;8;UTI - NEONATAL;11,088235294117647
MOV;2024;9;ALOJAMENTO CONJUNTO;31,4
MOV;2024;9;CLINICA CIRÚRGICA;11,823529411764707
MOV;2024;9;PRÉ-PARTO;0,7380952380952381
MOV;2024;9;SALA DE ESPERA - BLOCO CIRÚRGICO;0,0
MOV;2024;9;SALA DE ESPERA - BLOCO OBSTÉTRICO;0,0
MOV;2024;9;UNIDADE DE CUIDADO INTERMEDIÁRIO NEONATAL CONVENCIONAL;13,666666666666666
MOV;2024;9;UNIDADE INTERNACAO ALTO-RISCO OBSTETRICO;7,741379310344827
MOV;2024;9;UNIDADE URGÊNCIA/EMERGÊNCIA;0,0
MOV;2024;9;UNIDADE URGÊNCIA/EMERGÊNCIA - INTERNAÇÃO;0,5575539568345323
MOV;2024;9;UTI - ADULTO;9,0
MOV;2024;9;UTI - NEONATAL;11,621621621621621
MOV;2024;10;ALOJAMENTO CONJUNTO;59,9
MOV;2024;10;CLINICA CIRÚRGICA;13,592592592592593
MOV;2024;10;PRÉ-PARTO;0,5942028985507246
MOV;2024;10;SALA DE ESPERA - BLOCO CIRÚRGICO;0,0
MOV;2024;10;SALA DE ESPERA - BLOCO OBSTÉTRICO;0,0
MOV;2024;10;UNIDADE DE CUIDADO INTERMEDIÁRIO NEONATAL CANGURU;23,333333333333332
MOV;2024;10;UNIDADE DE CUIDADO INTERMEDIÁRIO NEONATAL CONVENCIONAL;11,216216216216216
MOV;2024;10;UNIDADE INTERNACAO ALTO-RISCO OBSTETRICO;9,58974358974359
MOV;2024;10;UNIDADE URGÊNCIA/EMERGÊNCIA;0,0
MOV;2024;10;UNIDADE URGÊNCIA/EMERGÊNCIA - INTERNAÇÃO;0,5367965367965368
MOV;2024;10;UTI - ADULTO;10,238095238095237
MOV;2024;10;UTI - NEONATAL;11,024390243902438
MOV;2024;11;ALOJAMENTO CONJUNTO;43,46666666666667
MOV;2024;11;CLINICA CIRÚRGICA;12,413793103448276
MOV;2024;11;PRÉ-PARTO;0,5795454545454546
MOV;2024;11;SALA DE ESPERA - BLOCO CIRÚRGICO;0,0
MOV;2024;11;SALA DE ESPERA - BLOCO OBSTÉTRICO;0,0
MOV;2024;11;UNIDADE DE CUIDADO INTERMEDIÁRIO NEONATAL CONVENCIONAL;14,303030303030303
MOV;2024;11;UNIDADE INTERNACAO ALTO-RISCO OBSTETRICO;11,3125
MOV;2024;11;UNIDADE URGÊNCIA/EMERGÊNCIA;0,0
MOV;2024;11;UNIDADE URGÊNCIA/EMERGÊNCIA - INTERNAÇÃO;0,5990338164251208
MOV;2024;11;UTI - ADULTO;11,941176470588236
MOV;2024;11;UTI - NEONATAL;14,75
MOV;2024;12;ALOJAMENTO CONJUNTO;85,75
MOV;2024;12;CLINICA CIRÚRGICA;27,7
MOV;2024;12;PRÉ-PARTO;0,693069306930693
MOV;2024;12;SALA DE ESPERA - BLOCO CIRÚRGICO;0,0
MOV;2024;12;SALA DE ESPERA - BLOCO OBSTÉTRICO;0,0
MOV;2024;12;UNIDADE DE CUIDADO INTERMEDIÁRIO NEONATAL CANGURU;61,5
MOV;2024;12;UNIDADE DE CUIDADO INTERMEDIÁRIO NEONATAL CONVENCIONAL;15,0625
MOV;2024;12;UNIDADE INTERNACAO ALTO-RISCO OBSTETRICO;14,884615384615385
MOV;2024;12;UNIDADE URGÊNCIA/EMERGÊNCIA;0,0
MOV;2024;12;UNIDADE URGÊNCIA/EMERGÊNCIA - INTERNAÇÃO;0,6192660550458715
MOV;2024;12;UTI - ADULTO;15,0
MOV;2024;12;UTI - NEONATAL;11,69767441860465
MOV;2025;1;ALOJAMENTO CONJUNTO;2,648550724637681
MOV;2025;1;CLINICA CIRÚRGICA;2,134920634920635
MOV;2025;1;MOV - LOCAL NASCIMENTO - RN;0,0
MOV;2025;1;PRÉ-PARTO;0,6862745098039216
MOV;2025;1;SALA DE ESPERA - BLOCO CIRÚRGICO;0,0
MOV;2025;1;SALA DE ESPERA - BLOCO OBSTÉTRICO;0,0
MOV;2025;1;UNIDADE DE CUIDADO INTERMEDIÁRIO NEONATAL CANGURU;9,23076923076923
MOV;2025;1;UNIDADE DE CUIDADO INTERMEDIÁRIO NEONATAL CONVENCIONAL;7,809523809523809
MOV;2025;1;UNIDADE INTERNACAO ALTO-RISCO OBSTETRICO;3,180451127819549
MOV;2025;1;UNIDADE URGÊNCIA/EMERGÊNCIA;0,0
MOV;2025;1;UNIDADE URGÊNCIA/EMERGÊNCIA - INTERNAÇÃO;0,8090277777777778
MOV;2025;1;UTI - ADULTO;4,520833333333333
MOV;2025;1;UTI - NEONATAL;8,737704918032787
MOV;2025;2;ALOJAMENTO CONJUNTO;2,4928057553956835
MOV;2025;2;CLINICA CIRÚRGICA;2,019607843137255
MOV;2025;2;PRÉ-PARTO;0,7931034482758621
MOV;2025;2;SALA DE ESPERA - BLOCO CIRÚRGICO;0,0
MOV;2025;2;SALA DE ESPERA - BLOCO OBSTÉTRICO;0,0
MOV;2025;2;UNIDADE DE CUIDADO INTERMEDIÁRIO NEONATAL CANGURU;6,2
MOV;2025;2;UNIDADE DE CUIDADO INTERMEDIÁRIO NEONATAL CONVENCIONAL;6,7727272727272725
MOV;2025;2;UNIDADE INTERNACAO ALTO-RISCO OBSTETRICO;3,883495145631068
MOV;2025;2;UNIDADE URGÊNCIA/EMERGÊNCIA;0,0
MOV;2025;2;UNIDADE URGÊNCIA/EMERGÊNCIA - INTERNAÇÃO;0,7368421052631579
MOV;2025;2;UTI - ADULTO;3,688888888888889
MOV;2025;2;UTI - NEONATAL;8,482758620689655
MOV;2025;3;ALOJAMENTO CONJUNTO;2,7430555555555554
MOV;2025;3;CASA DA GESTANTE BEBÊ E PUÉRPERA;0,0
MOV;2025;3;CLINICA CIRÚRGICA;1,9835164835164836
MOV;2025;3;PRÉ-PARTO;0,8064516129032258
MOV;2025;3;SALA DE ESPERA - BLOCO CIRÚRGICO;0,0
MOV;2025;3;SALA DE ESPERA - BLOCO OBSTÉTRICO;0,0
MOV;2025;3;UNIDADE DE CUIDADO INTERMEDIÁRIO NEONATAL CANGURU;2,8333333333333335
MOV;2025;3;UNIDADE DE CUIDADO INTERMEDIÁRIO NEONATAL CONVENCIONAL;7,243243243243243
MOV;2025;3;UNIDADE INTERNACAO ALTO-RISCO OBSTETRICO;2,8353658536585367
MOV;2025;3;UNIDADE URGÊNCIA/EMERGÊNCIA;0,0
MOV;2025;3;UNIDADE URGÊNCIA/EMERGÊNCIA - INTERNAÇÃO;0,781021897810219
MOV;2025;3;UTI - ADULTO;4,1568627450980395
MOV;2025;3;UTI - NEONATAL;12,523809523809524
MOV;2025;4;ALOJAMENTO CONJUNTO;2,3422818791946307
MOV;2025;4;CASA DA GESTANTE BEBÊ E PUÉRPERA;0,0
MOV;2025;4;CLINICA CIRÚRGICA;2,096590909090909
MOV;2025;4;MOV - LOCAL NASCIMENTO - RN;0,0
MOV;2025;4;PRÉ-PARTO;0,7955390334572491
MOV;2025;4;SALA DE ESPERA - BLOCO CIRÚRGICO;0,0
MOV;2025;4;SALA DE ESPERA - BLOCO OBSTÉTRICO;0,0
MOV;2025;4;UNIDADE DE CUIDADO INTERMEDIÁRIO NEONATAL CANGURU;1,9
MOV;2025;4;UNIDADE DE CUIDADO INTERMEDIÁRIO NEONATAL CONVENCIONAL;13,95
MOV;2025;4;UNIDADE INTERNACAO ALTO-RISCO OBSTETRICO;3,3282442748091605
MOV;2025;4;UNIDADE URGÊNCIA/EMERGÊNCIA;0,0
MOV;2025;4;UNIDADE URGÊNCIA/EMERGÊNCIA - INTERNAÇÃO;0,5551181102362205
MOV;2025;4;UTI - ADULTO;3,737704918032787
MOV;2025;4;UTI - NEONATAL;12,512195121951219
MOV;2025;5;ALOJAMENTO CONJUNTO;2,807377049180328
MOV;2025;5;CLINICA CIRÚRGICA;2,0076335877862594
MOV;2025;5;PRÉ-PARTO;0,7470355731225297
MOV;2025;5;SALA DE ESPERA - BLOCO CIRÚRGICO;0,0
MOV;2025;5;SALA DE ESPERA - BLOCO OBSTÉTRICO;0,0
MOV;2025;5;UNIDADE DE CUIDADO INTERMEDIÁRIO NEONATAL CANGURU;2,8461538461538463
MOV;2025;5;UNIDADE DE CUIDADO INTERMEDIÁRIO NEONATAL CONVENCIONAL;7,3108108108108105
MOV;2025;5;UNIDADE INTERNACAO ALTO-RISCO OBSTETRICO;3,4173228346456694
MOV;2025;5;UNIDADE URGÊNCIA/EMERGÊNCIA;0,0
MOV;2025;5;UNIDADE URGÊNCIA/EMERGÊNCIA - INTERNAÇÃO;0,541501976284585
MOV;2025;5;UTI - ADULTO;4,854166666666667
MOV;2025;5;UTI - NEONATAL;10,782608695652174
MOV;2025;6;ALOJAMENTO CONJUNTO;2,7522935779816513
MOV;2025;6;CASA DA GESTANTE BEBÊ E PUÉRPERA;0,0
MOV;2025;6;CLINICA CIRÚRGICA;2,008695652173913
MOV;2025;6;PRÉ-PARTO;0,7165354330708661
MOV;2025;6;SALA DE ESPERA - BLOCO CIRÚRGICO;0,0
MOV;2025;6;SALA DE ESPERA - BLOCO OBSTÉTRICO;0,0
MOV;2025;6;UNIDADE DE CUIDADO INTERMEDIÁRIO NEONATAL CANGURU;6,882352941176471
MOV;2025;6;UNIDADE DE CUIDADO INTERMEDIÁRIO NEONATAL CONVENCIONAL;9,982758620689655
MOV;2025;6;UNIDADE INTERNACAO ALTO-RISCO OBSTETRICO;2,6216216216216215
MOV;2025;6;UNIDADE URGÊNCIA/EMERGÊNCIA;0,0
MOV;2025;6;UNIDADE URGÊNCIA/EMERGÊNCIA - INTERNAÇÃO;1,0334928229665072
MOV;2025;6;UTI - ADULTO;6,514285714285714
MOV;2025;6;UTI - NEONATAL;9,851851851851851
MOV;2025;7;ALOJAMENTO CONJUNTO;2,705607476635514
MOV;2025;7;CLINICA CIRÚRGICA;2,290155440414508
MOV;2025;7;PRÉ-PARTO;0,6180904522613065
MOV;2025;7;SALA DE ESPERA - BLOCO CIRÚRGICO;0,0
MOV;2025;7;SALA DE ESPERA - BLOCO OBSTÉTRICO;0,0
MOV;2025;7;UNIDADE DE CUIDADO INTERMEDIÁRIO NEONATAL CANGURU;7,666666666666667
MOV;2025;7;UNIDADE DE CUIDADO INTERMEDIÁRIO NEONATAL CONVENCIONAL;7,350877192982456
MOV;2025;7;UNIDADE INTERNACAO ALTO-RISCO OBSTETRICO;3,0
MOV;2025;7;UNIDADE URGÊNCIA/EMERGÊNCIA;0,0
MOV;2025;7;UNIDADE URGÊNCIA/EMERGÊNCIA - INTERNAÇÃO;0,8757396449704142
MOV;2025;7;UTI - ADULTO;5,744186046511628
MOV;2025;7;UTI - NEONATAL;17,225806451612904
MOV;2025;8;ALOJAMENTO CONJUNTO;2,8222222222222224
MOV;2025;8;CASA DA GESTANTE BEBÊ E PUÉRPERA;0,0
MOV;2025;8;CLINICA CIRÚRGICA;2,566473988439306
MOV;2025;8;PRÉ-PARTO;0,6551724137931034
MOV;2025;8;SALA DE ESPERA - BLOCO CIRÚRGICO;0,0
MOV;2025;8;SALA DE ESPERA - BLOCO OBSTÉTRICO;0,0
MOV;2025;8;UNIDADE DE CUIDADO INTERMEDIÁRIO NEONATAL CANGURU;6,928571428571429
MOV;2025;8;UNIDADE DE CUIDADO INTERMEDIÁRIO NEONATAL CONVENCIONAL;11,333333333333334
MOV;2025;8;UNIDADE INTERNACAO ALTO-RISCO OBSTETRICO;3,2384615384615385
MOV;2025;8;UNIDADE URGÊNCIA/EMERGÊNCIA;0,0
MOV;2025;8;UNIDADE URGÊNCIA/EMERGÊNCIA - INTERNAÇÃO;0,8789473684210526
MOV;2025;8;UTI - ADULTO;4,9787234042553195
MOV;2025;8;UTI - NEONATAL;11,382978723404255
MOV;2025;9;ALOJAMENTO CONJUNTO;2,4525862068965516
MOV;2025;9;CASA DA GESTANTE BEBÊ E PUÉRPERA;0,0
MOV;2025;9;CLINICA CIRÚRGICA;2,3025641025641024
MOV;2025;9;PRÉ-PARTO;0,631578947368421
MOV;2025;9;SALA DE ESPERA - BLOCO CIRÚRGICO;0,0
MOV;2025;9;SALA DE ESPERA - BLOCO OBSTÉTRICO;0,0
MOV;2025;9;UNIDADE DE CUIDADO INTERMEDIÁRIO NEONATAL CANGURU;7,153846153846154
MOV;2025;9;UNIDADE DE CUIDADO INTERMEDIÁRIO NEONATAL CONVENCIONAL;11,357142857142858
MOV;2025;9;UNIDADE INTERNACAO ALTO-RISCO OBSTETRICO;3,0839694656488548
MOV;2025;9;UNIDADE URGÊNCIA/EMERGÊNCIA;0,0
MOV;2025;9;UNIDADE URGÊNCIA/EMERGÊNCIA - INTERNAÇÃO;1,1016949152542372
MOV;2025;9;UTI - ADULTO;5,72972972972973
MOV;2025;9;UTI - NEONATAL;8,090909090909092
MOV;2025;10;ALOJAMENTO CONJUNTO;2,5610859728506785
MOV;2025;10;CLINICA CIRÚRGICA;2,071090047393365
MOV;2025;10;MOV - LOCAL NASCIMENTO - RN;0,0
MOV;2025;10;PRÉ-PARTO;0,6473214285714286
MOV;2025;10;SALA DE ESPERA - BLOCO CIRÚRGICO;0,12
MOV;2025;10;SALA DE ESPERA - BLOCO OBSTÉTRICO;0,038461538461538464
MOV;2025;10;UNIDADE DE CUIDADO INTERMEDIÁRIO NEONATAL CANGURU;7,2
MOV;2025;10;UNIDADE DE CUIDADO INTERMEDIÁRIO NEONATAL CONVENCIONAL;9,137931034482758
MOV;2025;10;UNIDADE INTERNACAO ALTO-RISCO OBSTETRICO;2,965034965034965
MOV;2025;10;UNIDADE URGÊNCIA/EMERGÊNCIA;0,0
MOV;2025;10;UNIDADE URGÊNCIA/EMERGÊNCIA - INTERNAÇÃO;0,7696078431372549
MOV;2025;10;UTI - ADULTO;4,75
MOV;2025;10;UTI - NEONATAL;8,73913043478261
MOV;2025;11;ALOJAMENTO CONJUNTO;2,415525114155251
MOV;2025;11;CLINICA CIRÚRGICA;1,8714285714285714
MOV;2025;11;PRÉ-PARTO;0,5633802816901409
MOV;2025;11;SALA DE ESPERA - BLOCO CIRÚRGICO;0,15625
MOV;2025;11;SALA DE ESPERA - BLOCO OBSTÉTRICO;0,13636363636363635
MOV;2025;11;UNIDADE DE CUIDADO INTERMEDIÁRIO NEONATAL CANGURU;9,142857142857142
MOV;2025;11;UNIDADE DE CUIDADO INTERMEDIÁRIO NEONATAL CONVENCIONAL;9,777777777777779
MOV;2025;11;UNIDADE INTERNACAO ALTO-RISCO OBSTETRICO;3,192
MOV;2025;11;UNIDADE URGÊNCIA/EMERGÊNCIA;0,0
MOV;2025;11;UNIDADE URGÊNCIA/EMERGÊNCIA - INTERNAÇÃO;0,909952606635071
MOV;2025;11;UTI - ADULTO;4,534883720930233
MOV;2025;11;UTI - NEONATAL;11,488372093023257
MOV;2025;12;ALOJAMENTO CONJUNTO;2,9049773755656108
MOV;2025;12;CLINICA CIRÚRGICA;2,2865853658536586
MOV;2025;12;PRÉ-PARTO;0,5833333333333334
MOV;2025;12;SALA DE ESPERA - BLOCO CIRÚRGICO;0,15789473684210525
MOV;2025;12;SALA DE ESPERA - BLOCO OBSTÉTRICO;0,18478260869565216
MOV;2025;12;UNIDADE DE CUIDADO INTERMEDIÁRIO NEONATAL CANGURU;9,8
MOV;2025;12;UNIDADE DE CUIDADO INTERMEDIÁRIO NEONATAL CONVENCIONAL;8,079365079365079
MOV;2025;12;UNIDADE INTERNACAO ALTO-RISCO OBSTETRICO;2,9927007299270074
MOV;2025;12;UNIDADE URGÊNCIA/EMERGÊNCIA;0,0
MOV;2025;12;UNIDADE URGÊNCIA/EMERGÊNCIA - INTERNAÇÃO;0,5666666666666667
MOV;2025;12;UTI - ADULTO;4,627906976744186
MOV;2025;12;UTI - NEONATAL;13,170731707317072
